datetime,open,high,low,close,volume
2026-02-02T14:00:00+00:00,336.1500000000004,339.2100000000004,333.37000000000035,338.9600000000004,10318
2026-02-02T15:00:00+00:00,338.9600000000004,342.4600000000004,338.3900000000003,339.20000000000033,17761
2026-02-02T16:00:00+00:00,339.20000000000033,340.13000000000034,337.78000000000037,340.04000000000036,12609
2026-02-02T17:00:00+00:00,340.04000000000036,341.35000000000036,339.3900000000003,341.10000000000036,7841
2026-02-02T18:00:00+00:00,341.10000000000036,341.61000000000035,340.2700000000003,341.48000000000036,7477
2026-02-02T19:00:00+00:00,341.48000000000036,342.31000000000034,341.07000000000033,342.10000000000036,7545
2026-02-02T20:00:00+00:00,342.10000000000036,342.53000000000037,341.2700000000003,342.3300000000003,11491
2026-02-03T14:00:00+00:00,342.3300000000003,347.45000000000033,340.94000000000034,342.38000000000034,12091
2026-02-03T15:00:00+00:00,342.38000000000034,344.04000000000036,339.42000000000036,343.72000000000037,26271
2026-02-03T16:00:00+00:00,343.72000000000037,343.72000000000037,340.68000000000035,341.28000000000037,20052
2026-02-03T17:00:00+00:00,341.28000000000037,341.56000000000034,337.95000000000033,339.32000000000033,17139
2026-02-03T18:00:00+00:00,339.32000000000033,339.3900000000003,336.2700000000003,336.3400000000004,14163
2026-02-03T19:00:00+00:00,336.3400000000004,338.19000000000034,335.92000000000036,337.50000000000034,16194
2026-02-03T20:00:00+00:00,337.50000000000034,338.86000000000035,336.45000000000033,338.0800000000003,10602
2026-02-04T14:00:00+00:00,338.0800000000003,341.56000000000034,334.47000000000037,334.81000000000034,14899
2026-02-04T15:00:00+00:00,334.81000000000034,336.0200000000003,331.3300000000003,331.98000000000036,30171
2026-02-04T16:00:00+00:00,331.98000000000036,332.47000000000037,328.45000000000033,330.8900000000003,22260
2026-02-04T17:00:00+00:00,330.8900000000003,331.81000000000034,326.72000000000037,329.51000000000033,22577
2026-02-04T18:00:00+00:00,329.51000000000033,331.56000000000034,328.42000000000036,330.0200000000003,21381
2026-02-04T19:00:00+00:00,330.0200000000003,332.50000000000034,327.75000000000034,331.44000000000034,18377
2026-02-04T20:00:00+00:00,331.44000000000034,332.0200000000003,330.19000000000034,330.93000000000035,14110
2026-02-05T14:00:00+00:00,330.93000000000035,330.93000000000035,304.29000000000036,319.41000000000037,17823
2026-02-05T15:00:00+00:00,319.41000000000037,320.18000000000035,314.47000000000037,315.3300000000003,27660
2026-02-05T16:00:00+00:00,315.3300000000003,322.3900000000003,315.20000000000033,320.42000000000036,26359
2026-02-05T17:00:00+00:00,320.42000000000036,323.53000000000037,319.2100000000004,321.73000000000036,21971
2026-02-05T18:00:00+00:00,321.73000000000036,323.81000000000034,321.51000000000033,323.6500000000004,20073
2026-02-05T19:00:00+00:00,323.6500000000004,328.81000000000034,323.42000000000036,326.69000000000034,21817
2026-02-05T20:00:00+00:00,326.69000000000034,329.98000000000036,326.37000000000035,328.7100000000004,17815
2026-02-06T14:00:00+00:00,328.7100000000004,328.7100000000004,320.3900000000003,320.4000000000004,14031
2026-02-06T15:00:00+00:00,320.4000000000004,321.8900000000003,317.49000000000035,319.0200000000003,35249
2026-02-06T16:00:00+00:00,319.0200000000003,320.99000000000035,318.78000000000037,319.45000000000033,21411
2026-02-06T17:00:00+00:00,319.45000000000033,322.85000000000036,318.88000000000034,322.04000000000036,17603
2026-02-06T18:00:00+00:00,322.04000000000036,323.30000000000035,322.0200000000003,322.50000000000034,14513
2026-02-06T19:00:00+00:00,322.50000000000034,322.95000000000033,319.2700000000003,319.2700000000003,11367
2026-02-06T20:00:00+00:00,319.2700000000003,322.31000000000034,319.13000000000034,320.5200000000003,12352
2026-02-09T14:00:00+00:00,320.5200000000003,321.23000000000036,314.98000000000036,317.1400000000003,14032
2026-02-09T15:00:00+00:00,317.1400000000003,322.3300000000003,317.00000000000034,322.18000000000035,21315
2026-02-09T16:00:00+00:00,322.18000000000035,325.0800000000003,321.55000000000035,324.32000000000033,15047
2026-02-09T17:00:00+00:00,324.32000000000033,324.9000000000004,322.5200000000003,322.68000000000035,13014
2026-02-09T18:00:00+00:00,322.68000000000035,323.12000000000035,321.9000000000004,321.93000000000035,10847
2026-02-09T19:00:00+00:00,321.93000000000035,322.86000000000035,321.82000000000033,322.1500000000004,4712
2026-02-09T20:00:00+00:00,322.1500000000004,322.41000000000037,320.70000000000033,321.76000000000033,8080
2026-02-10T14:00:00+00:00,321.76000000000033,321.76000000000033,312.00000000000034,314.63000000000034,12027
2026-02-10T15:00:00+00:00,314.63000000000034,317.5800000000003,314.17000000000036,314.79000000000036,16077
2026-02-10T16:00:00+00:00,314.79000000000036,316.53000000000037,314.70000000000033,315.80000000000035,16815
2026-02-10T17:00:00+00:00,315.80000000000035,317.05000000000035,315.5800000000003,315.99000000000035,10281
2026-02-10T18:00:00+00:00,315.99000000000035,316.8300000000003,315.62000000000035,316.49000000000035,12906
2026-02-10T19:00:00+00:00,316.49000000000035,317.18000000000035,315.97000000000037,317.07000000000033,9215
2026-02-10T20:00:00+00:00,317.07000000000033,317.74000000000035,315.76000000000033,316.01000000000033,8105
2026-02-11T14:00:00+00:00,316.01000000000033,318.38000000000034,313.06000000000034,313.4000000000004,11540
2026-02-11T15:00:00+00:00,313.4000000000004,314.50000000000034,309.11000000000035,310.11000000000035,22558
2026-02-11T16:00:00+00:00,310.11000000000035,310.99000000000035,308.28000000000037,308.9600000000004,16041
2026-02-11T17:00:00+00:00,308.9600000000004,310.4000000000004,308.57000000000033,308.94000000000034,10056
2026-02-11T18:00:00+00:00,308.94000000000034,310.24000000000035,308.07000000000033,309.68000000000035,9699
2026-02-11T19:00:00+00:00,309.68000000000035,310.3300000000003,308.3900000000003,308.67000000000036,11363
2026-02-11T20:00:00+00:00,308.67000000000036,309.20000000000033,307.50000000000034,308.44000000000034,9951
2026-02-12T14:00:00+00:00,308.44000000000034,310.01000000000033,307.75000000000034,308.93000000000035,10087
2026-02-12T15:00:00+00:00,308.93000000000035,311.13000000000034,307.56000000000034,308.17000000000036,20671
2026-02-12T16:00:00+00:00,308.17000000000036,313.8400000000004,307.1400000000003,311.49000000000035,25700
2026-02-12T17:00:00+00:00,311.49000000000035,312.61000000000035,310.05000000000035,310.31000000000034,17849
2026-02-12T18:00:00+00:00,310.31000000000034,312.17000000000036,309.3400000000004,309.35000000000036,19933
2026-02-12T19:00:00+00:00,309.35000000000036,309.49000000000035,307.49000000000035,307.88000000000034,15648
2026-02-12T20:00:00+00:00,307.88000000000034,308.05000000000035,305.50000000000034,306.70000000000033,11177
2026-02-13T14:00:00+00:00,306.70000000000033,306.70000000000033,301.2700000000003,303.88000000000034,13644
2026-02-13T15:00:00+00:00,303.88000000000034,305.3900000000003,302.5200000000003,303.72000000000037,24383
2026-02-13T16:00:00+00:00,303.72000000000037,304.66000000000037,302.22000000000037,304.16000000000037,17794
2026-02-13T17:00:00+00:00,304.16000000000037,304.9600000000004,303.79000000000036,304.0200000000003,12793
2026-02-13T18:00:00+00:00,304.0200000000003,305.60000000000036,303.72000000000037,305.10000000000036,13506
2026-02-13T19:00:00+00:00,305.10000000000036,305.55000000000035,304.30000000000035,304.3900000000003,10333
2026-02-13T20:00:00+00:00,304.3900000000003,304.72000000000037,302.22000000000037,303.2700000000003,13802
2026-02-17T14:00:00+00:00,303.2700000000003,303.2700000000003,295.03000000000037,295.3900000000003,13244
2026-02-17T15:00:00+00:00,295.3900000000003,297.61000000000035,294.25000000000034,297.4600000000004,26552
2026-02-17T16:00:00+00:00,297.4600000000004,300.81000000000034,297.3900000000003,299.57000000000033,22825
2026-02-17T17:00:00+00:00,299.57000000000033,299.9600000000004,297.53000000000037,298.61000000000035,20216
2026-02-17T18:00:00+00:00,298.61000000000035,300.8300000000003,298.05000000000035,300.41000000000037,18410
2026-02-17T19:00:00+00:00,300.41000000000037,301.36000000000035,300.19000000000034,300.28000000000037,12722
2026-02-17T20:00:00+00:00,300.28000000000037,300.51000000000033,299.1400000000003,300.3400000000004,11730
2026-02-18T14:00:00+00:00,300.3400000000004,302.7700000000003,299.37000000000035,301.29000000000036,9064
2026-02-18T15:00:00+00:00,301.29000000000036,302.11000000000035,299.92000000000036,301.75000000000034,17452
2026-02-18T16:00:00+00:00,301.75000000000034,302.5200000000003,301.17000000000036,301.3300000000003,12229
2026-02-18T17:00:00+00:00,301.3300000000003,302.8300000000003,301.3300000000003,302.63000000000034,9667
2026-02-18T18:00:00+00:00,302.63000000000034,303.2700000000003,300.91000000000037,301.60000000000036,9644
2026-02-18T19:00:00+00:00,301.60000000000036,302.0700000000004,299.6300000000004,299.8300000000004,12272
2026-02-18T20:00:00+00:00,299.8300000000004,302.05000000000035,299.36000000000035,301.3800000000004,11527
2026-02-19T14:00:00+00:00,301.3800000000004,301.3800000000004,298.2100000000004,300.87000000000035,11003
2026-02-19T15:00:00+00:00,300.87000000000035,302.24000000000035,300.0200000000004,301.31000000000034,17988
2026-02-19T16:00:00+00:00,301.31000000000034,303.60000000000036,300.12000000000035,301.49000000000035,16584
2026-02-19T17:00:00+00:00,301.49000000000035,303.03000000000037,300.98000000000036,301.7000000000004,14341
2026-02-19T18:00:00+00:00,301.7000000000004,302.9400000000004,301.60000000000036,302.6300000000004,11482
2026-02-19T19:00:00+00:00,302.6300000000004,302.85000000000036,300.8900000000004,301.3200000000004,9676
2026-02-19T20:00:00+00:00,301.3200000000004,301.78000000000037,300.41000000000037,301.16000000000037,10932
2026-02-20T14:00:00+00:00,301.16000000000037,308.3900000000003,301.16000000000037,307.25000000000034,10496
2026-02-20T15:00:00+00:00,307.25000000000034,313.31000000000034,305.22000000000037,312.74000000000035,28701
2026-02-20T16:00:00+00:00,312.74000000000035,314.37000000000035,311.42000000000036,313.76000000000033,20430
2026-02-20T17:00:00+00:00,313.76000000000033,313.94000000000034,310.62000000000035,313.1500000000004,20382
2026-02-20T18:00:00+00:00,313.1500000000004,313.42000000000036,311.42000000000036,312.5800000000004,19726
2026-02-20T19:00:00+00:00,312.5800000000004,313.32000000000033,312.35000000000036,313.07000000000033,12452
2026-02-20T20:00:00+00:00,313.07000000000033,314.10000000000036,311.97000000000037,312.24000000000035,13284
2026-02-23T14:00:00+00:00,312.24000000000035,316.8300000000004,312.24000000000035,312.93000000000035,11877
2026-02-23T15:00:00+00:00,312.93000000000035,314.32000000000033,310.4300000000003,310.5300000000003,23610.87552936844
2026-02-23T16:00:00+00:00,310.5300000000003,312.17000000000036,309.4600000000003,311.55000000000035,21776
2026-02-23T17:00:00+00:00,311.55000000000035,311.92000000000036,310.5300000000003,311.19000000000034,12792
2026-02-23T18:00:00+00:00,311.19000000000034,312.6400000000003,310.41000000000037,310.57000000000033,10896
2026-02-23T19:00:00+00:00,310.57000000000033,310.98000000000036,308.17000000000036,308.23000000000036,11534
2026-02-23T20:00:00+00:00,308.23000000000036,309.47000000000037,307.62000000000035,309.4000000000003,10661
2026-02-24T14:00:00+00:00,309.4000000000003,309.4000000000003,303.69000000000034,305.6500000000003,10251
2026-02-24T15:00:00+00:00,305.6500000000003,308.12000000000035,303.7800000000003,307.48000000000036,21894
2026-02-24T16:00:00+00:00,307.48000000000036,309.06000000000034,307.45000000000033,308.87000000000035,14337
2026-02-24T17:00:00+00:00,308.87000000000035,310.0100000000004,308.56000000000034,308.75000000000034,10142
2026-02-24T18:00:00+00:00,308.75000000000034,309.26000000000033,308.01000000000033,308.2100000000004,9538
2026-02-24T19:00:00+00:00,308.2100000000004,309.05000000000035,307.22000000000037,308.81000000000034,10535
2026-02-24T20:00:00+00:00,308.81000000000034,309.25000000000034,308.17000000000036,308.6300000000004,10608
2026-02-25T14:00:00+00:00,308.6300000000004,311.24000000000035,307.2000000000004,310.3800000000004,8508
2026-02-25T15:00:00+00:00,310.3800000000004,310.56000000000034,307.2800000000003,307.55000000000035,14939
2026-02-25T16:00:00+00:00,307.55000000000035,309.03000000000026,306.9500000000003,308.59000000000026,10260
2026-02-25T17:00:00+00:00,308.59000000000026,309.27000000000027,307.6600000000003,308.09000000000026,8175
2026-02-25T18:00:00+00:00,308.09000000000026,308.58000000000027,307.8600000000003,308.3000000000003,6515
2026-02-25T19:00:00+00:00,308.3000000000003,309.11000000000024,308.0100000000003,308.9500000000003,7507
2026-02-25T20:00:00+00:00,308.9500000000003,310.89000000000016,308.72000000000025,310.51000000000016,9902
2026-02-26T14:00:00+00:00,310.51000000000016,310.52000000000015,304.0100000000001,304.1600000000001,11366
2026-02-26T15:00:00+00:00,304.1600000000001,304.5400000000001,300.1400000000001,302.1500000000001,25342
2026-02-26T16:00:00+00:00,302.1500000000001,305.4600000000001,302.0100000000001,303.2000000000001,18527
2026-02-26T17:00:00+00:00,303.2000000000001,304.4200000000001,302.3700000000001,302.7900000000001,14706
2026-02-26T18:00:00+00:00,302.7900000000001,304.53,302.36000000000007,304.36,12723.088709033005
2026-02-26T19:00:00+00:00,304.36,306.9000000000003,304.25,306.24000000000035,11695.477431970132
2026-02-26T20:00:00+00:00,306.24000000000035,306.47000000000025,304.7100000000002,305.5200000000002,10078.92134665367
2026-02-27T14:00:00+00:00,305.5200000000002,307.6200000000002,301.6800000000002,305.9200000000002,9298
2026-02-27T15:00:00+00:00,305.9200000000002,307.2700000000002,305.38000000000017,306.3800000000002,19027.702654160847
2026-02-27T16:00:00+00:00,306.3800000000002,306.87000000000023,305.17000000000024,305.31000000000023,20061
2026-02-27T17:00:00+00:00,305.31000000000023,307.11000000000024,304.4400000000002,304.68000000000023,19405
2026-02-27T18:00:00+00:00,304.68000000000023,305.0000000000002,303.2500000000002,304.62000000000023,13458
2026-02-27T19:00:00+00:00,304.62000000000023,306.42000000000024,304.28000000000026,304.55000000000024,10521
2026-02-27T20:00:00+00:00,304.55000000000024,310.16000000000025,304.49000000000024,309.64000000000027,13113
2026-03-02T14:00:00+00:00,309.64000000000027,312.4400000000003,307.40000000000026,310.60000000000025,9885
2026-03-02T15:00:00+00:00,310.60000000000025,311.78000000000026,309.89000000000027,311.2000000000003,20872
2026-03-02T16:00:00+00:00,311.2000000000003,314.08000000000027,310.34000000000026,313.7500000000003,16364
2026-03-02T17:00:00+00:00,313.7500000000003,314.52000000000027,313.3200000000003,314.3200000000003,11709
2026-03-02T18:00:00+00:00,314.3200000000003,314.41000000000025,311.97000000000025,312.0000000000003,9973
2026-03-02T19:00:00+00:00,312.0000000000003,314.1200000000003,311.91000000000025,313.58000000000027,9547
2026-03-02T20:00:00+00:00,313.58000000000027,313.6700000000003,311.3000000000003,312.4800000000003,15199
2026-03-03T14:00:00+00:00,312.4800000000003,312.4800000000003,303.02000000000027,305.6100000000003,10861
2026-03-03T15:00:00+00:00,305.6100000000003,306.83000000000027,303.4500000000003,305.1100000000003,25999
2026-03-03T16:00:00+00:00,305.1100000000003,308.5500000000003,304.71000000000026,307.29000000000025,21235
2026-03-03T17:00:00+00:00,307.29000000000025,308.16000000000025,306.7300000000003,306.8000000000003,17487
2026-03-03T18:00:00+00:00,306.8000000000003,309.4400000000003,306.6100000000003,308.8100000000003,14943
2026-03-03T19:00:00+00:00,308.8100000000003,309.60000000000025,307.0500000000003,308.8200000000003,16306
2026-03-03T20:00:00+00:00,308.8200000000003,310.3000000000003,308.09000000000026,309.7500000000003,14116
2026-03-04T14:00:00+00:00,309.7500000000003,310.1900000000003,307.1700000000003,309.27000000000027,9593
2026-03-04T15:00:00+00:00,309.27000000000027,311.83000000000027,308.2300000000003,310.91000000000025,19145
2026-03-04T16:00:00+00:00,310.91000000000025,311.35000000000025,309.6900000000003,310.46000000000026,15619
2026-03-04T17:00:00+00:00,310.46000000000026,310.83000000000027,309.79000000000025,310.4900000000003,10392
2026-03-04T18:00:00+00:00,310.4900000000003,310.5600000000003,309.1900000000003,309.46000000000026,8661
2026-03-04T19:00:00+00:00,309.46000000000026,309.9200000000003,309.10000000000025,309.1300000000003,7260
2026-03-04T20:00:00+00:00,309.1300000000003,310.0100000000003,308.47000000000025,309.6100000000003,9417
2026-03-05T14:00:00+00:00,309.6100000000003,309.6100000000003,305.5100000000003,307.8800000000003,11439
2026-03-05T15:00:00+00:00,307.8800000000003,308.41000000000025,305.3100000000003,306.72000000000025,21418
2026-03-05T16:00:00+00:00,306.72000000000025,306.96000000000026,304.72000000000025,306.16000000000025,19292
2026-03-05T17:00:00+00:00,306.16000000000025,306.84000000000026,304.6200000000003,305.77000000000027,18061
2026-03-05T18:00:00+00:00,305.77000000000027,306.72000000000025,304.4900000000003,304.9800000000003,17648
2026-03-05T19:00:00+00:00,304.9800000000003,306.33000000000027,304.83000000000027,305.6100000000003,15790
2026-03-05T20:00:00+00:00,305.6100000000003,307.7600000000003,305.14000000000027,307.46000000000026,15470
2026-03-06T14:00:00+00:00,307.46000000000026,307.46000000000026,301.4300000000003,304.72000000000025,10216
2026-03-06T15:00:00+00:00,304.72000000000025,306.6900000000003,304.16000000000025,305.8600000000003,20204
2026-03-06T16:00:00+00:00,305.8600000000003,306.47000000000025,304.9500000000003,305.40000000000026,19076
2026-03-06T17:00:00+00:00,305.40000000000026,306.10000000000025,304.59000000000026,304.6200000000003,18284
2026-03-06T18:00:00+00:00,304.6200000000003,306.28000000000026,304.5600000000003,305.6700000000003,16779
2026-03-06T19:00:00+00:00,305.6700000000003,306.1100000000003,304.39000000000027,304.89000000000027,15177
2026-03-06T20:00:00+00:00,304.89000000000027,305.89000000000027,303.7600000000003,304.3700000000003,16247
2026-03-09T13:00:00+00:00,304.3700000000003,304.3700000000003,299.9800000000003,301.2400000000003,9728
2026-03-09T14:00:00+00:00,301.2400000000003,305.9500000000003,301.1900000000003,305.1700000000003,19881
2026-03-09T15:00:00+00:00,305.1700000000003,306.28000000000026,304.60000000000025,305.9200000000003,11865
2026-03-09T16:00:00+00:00,305.9200000000003,308.02000000000027,305.7400000000003,307.66000000000025,10660
2026-03-09T17:00:00+00:00,307.66000000000025,307.77000000000027,306.16000000000025,307.4500000000003,9685
2026-03-09T18:00:00+00:00,307.4500000000003,308.9300000000003,307.14000000000027,308.1300000000003,10062
2026-03-09T19:00:00+00:00,308.1300000000003,312.8700000000003,307.85000000000025,312.6100000000003,21467
2026-03-10T13:00:00+00:00,312.6100000000003,314.5000000000003,311.35000000000025,311.9400000000003,10266
2026-03-10T14:00:00+00:00,311.9400000000003,315.0500000000003,311.6800000000003,315.0500000000003,18083
2026-03-10T15:00:00+00:00,315.0500000000003,315.5100000000003,314.0500000000003,315.1100000000003,11392
2026-03-10T16:00:00+00:00,315.1100000000003,315.15000000000026,313.6900000000003,314.1800000000003,12537
2026-03-10T17:00:00+00:00,314.1800000000003,315.34000000000026,314.09000000000026,314.3700000000003,14559
2026-03-10T18:00:00+00:00,314.3700000000003,314.4400000000003,312.5600000000003,313.59000000000026,19122
2026-03-10T19:00:00+00:00,313.59000000000026,314.04000000000025,312.6800000000003,313.14000000000027,15304
2026-03-11T13:00:00+00:00,313.14000000000027,316.14000000000027,313.10000000000025,316.10000000000025,9926
2026-03-11T14:00:00+00:00,316.10000000000025,318.35000000000025,315.4300000000003,317.65000000000026,22392
2026-03-11T15:00:00+00:00,317.65000000000026,317.9400000000003,315.46000000000026,316.1200000000003,17391
2026-03-11T16:00:00+00:00,316.1200000000003,316.3100000000003,315.29000000000025,316.17000000000024,13764
2026-03-11T17:00:00+00:00,316.17000000000024,316.60000000000025,314.7600000000003,315.5600000000003,15753
2026-03-11T18:00:00+00:00,315.5600000000003,315.84000000000026,314.60000000000025,314.86000000000024,11634
2026-03-11T19:00:00+00:00,314.86000000000024,315.97000000000025,314.3700000000003,315.67000000000024,11090
2026-03-12T13:00:00+00:00,315.67000000000024,315.90000000000026,310.84000000000026,311.27000000000027,10836
2026-03-12T14:00:00+00:00,311.27000000000027,312.08000000000027,308.8800000000003,309.0600000000003,20228
2026-03-12T15:00:00+00:00,309.0600000000003,310.55000000000024,308.14000000000027,310.2500000000003,17929
2026-03-12T16:00:00+00:00,310.2500000000003,311.05000000000024,309.35000000000025,310.52000000000027,14231
2026-03-12T17:00:00+00:00,310.52000000000027,311.33000000000027,310.1200000000003,310.7500000000003,11798
2026-03-12T18:00:00+00:00,310.7500000000003,311.8100000000003,310.73000000000025,311.42000000000024,11126
2026-03-12T19:00:00+00:00,311.42000000000024,312.1200000000003,310.24000000000024,310.53000000000026,12220
2026-03-13T13:00:00+00:00,310.53000000000026,314.5100000000003,310.53000000000026,312.79000000000025,10929
2026-03-13T14:00:00+00:00,312.79000000000025,314.47000000000025,311.35000000000025,311.74000000000024,23230
2026-03-13T15:00:00+00:00,311.74000000000024,313.02000000000027,309.28000000000026,309.66000000000025,20103
2026-03-13T16:00:00+00:00,309.66000000000025,310.22000000000025,307.34000000000026,307.46000000000026,16057
2026-03-13T17:00:00+00:00,307.46000000000026,309.35000000000025,307.11000000000024,307.2600000000003,13586
2026-03-13T18:00:00+00:00,307.2600000000003,309.33000000000027,307.14000000000027,308.90000000000026,11780
2026-03-13T19:00:00+00:00,308.90000000000026,309.09000000000026,307.64000000000027,308.9300000000003,11985
2026-03-16T13:00:00+00:00,308.9300000000003,312.0000000000003,308.9300000000003,311.83000000000027,11526
2026-03-16T14:00:00+00:00,311.83000000000027,312.92000000000024,309.90000000000026,310.3700000000003,21204
2026-03-16T15:00:00+00:00,310.3700000000003,310.6800000000003,309.54000000000025,309.8100000000003,13397
2026-03-16T16:00:00+00:00,309.8100000000003,310.61000000000024,309.14000000000027,310.46000000000026,14164
2026-03-16T17:00:00+00:00,310.46000000000026,311.02000000000027,310.40000000000026,310.66000000000025,10711
2026-03-16T18:00:00+00:00,310.66000000000025,311.92000000000024,310.36000000000024,311.71000000000026,9319
2026-03-16T19:00:00+00:00,311.71000000000026,312.39000000000027,310.6200000000003,311.9300000000003,14203
2026-03-17T13:00:00+00:00,311.9300000000003,313.6300000000003,311.46000000000026,312.55000000000024,8839
2026-03-17T14:00:00+00:00,312.55000000000024,314.02000000000027,312.16000000000025,312.98000000000025,16465
2026-03-17T15:00:00+00:00,312.98000000000025,314.15000000000026,312.3800000000003,314.0000000000003,13686
2026-03-17T16:00:00+00:00,314.0000000000003,314.8200000000003,313.83000000000027,313.97000000000025,12273
2026-03-17T17:00:00+00:00,313.97000000000025,314.8800000000003,313.8200000000003,314.85000000000025,7720
2026-03-17T18:00:00+00:00,314.85000000000025,316.0700000000003,314.6300000000003,315.97000000000025,7832
2026-03-17T19:00:00+00:00,315.97000000000025,317.33000000000027,315.83000000000027,316.78000000000026,10387
2026-03-18T13:00:00+00:00,316.78000000000026,318.0700000000003,314.7500000000003,316.22000000000025,12572
2026-03-18T14:00:00+00:00,316.22000000000025,317.16000000000025,314.59000000000026,316.53000000000026,20618
2026-03-18T15:00:00+00:00,316.53000000000026,317.02000000000027,315.7600000000003,316.35000000000025,12884
2026-03-18T16:00:00+00:00,316.35000000000025,316.59000000000026,315.10000000000025,315.4400000000003,9969
2026-03-18T17:00:00+00:00,315.4400000000003,315.4500000000003,314.41000000000025,315.1900000000003,9121
2026-03-18T18:00:00+00:00,315.1900000000003,315.8200000000003,313.6900000000003,313.7500000000003,14950
2026-03-18T19:00:00+00:00,313.7500000000003,314.7500000000003,312.86000000000024,313.7600000000003,12651
2026-03-19T13:00:00+00:00,313.7600000000003,313.7600000000003,308.30000000000024,310.80000000000024,11605
2026-03-19T14:00:00+00:00,310.80000000000024,311.71000000000026,309.4300000000003,310.98000000000025,20647
2026-03-19T15:00:00+00:00,310.98000000000025,311.89000000000027,309.36000000000024,311.0600000000003,15978
2026-03-19T16:00:00+00:00,311.0600000000003,312.0100000000003,310.73000000000025,311.8800000000003,12102
2026-03-19T17:00:00+00:00,311.8800000000003,312.05000000000024,310.73000000000025,311.61000000000024,9402
2026-03-19T18:00:00+00:00,311.61000000000024,312.54000000000025,310.96000000000026,312.21000000000026,7517
2026-03-19T19:00:00+00:00,312.21000000000026,313.96000000000026,311.97000000000025,313.0100000000003,19903
2026-03-20T13:00:00+00:00,313.0100000000003,313.0100000000003,307.78000000000026,308.0600000000003,10105
2026-03-20T14:00:00+00:00,308.0600000000003,308.92000000000024,307.29000000000025,307.83000000000027,19221
2026-03-20T15:00:00+00:00,307.83000000000027,308.29000000000025,306.85000000000025,308.10000000000025,16047
2026-03-20T16:00:00+00:00,308.10000000000025,308.89000000000027,306.65000000000026,306.7500000000003,11607
2026-03-20T17:00:00+00:00,306.7500000000003,307.1900000000003,305.7500000000003,306.42000000000024,10158
2026-03-20T18:00:00+00:00,306.42000000000024,306.53000000000026,304.74000000000024,305.02000000000027,12461
2026-03-20T19:00:00+00:00,305.02000000000027,306.9400000000003,304.05000000000024,306.30000000000024,13671
2026-03-23T13:00:00+00:00,306.30000000000024,310.2000000000003,306.30000000000024,309.1300000000003,13928
2026-03-23T14:00:00+00:00,309.1300000000003,310.6900000000003,307.6900000000003,307.98000000000025,20756
2026-03-23T15:00:00+00:00,307.98000000000025,309.4500000000003,306.49000000000024,307.27000000000027,18348
2026-03-23T16:00:00+00:00,307.27000000000027,307.78000000000026,305.35000000000025,306.22000000000025,19280
2026-03-23T17:00:00+00:00,306.22000000000025,306.86000000000024,305.47000000000025,306.24000000000024,13820
2026-03-23T18:00:00+00:00,306.24000000000024,307.6800000000003,305.84000000000026,307.5000000000003,11733
2026-03-23T19:00:00+00:00,307.5000000000003,307.67000000000024,305.84000000000026,306.2500000000003,11507
2026-03-24T13:00:00+00:00,306.2500000000003,306.2500000000003,301.54000000000025,302.5600000000003,10271
2026-03-24T14:00:00+00:00,302.5600000000003,303.21000000000026,299.92000000000024,300.27000000000027,22029
2026-03-24T15:00:00+00:00,300.27000000000027,301.30000000000024,299.1900000000003,300.0100000000003,13857
2026-03-24T16:00:00+00:00,300.0100000000003,300.09000000000026,297.34000000000026,298.42000000000024,13186
2026-03-24T17:00:00+00:00,298.42000000000024,298.60000000000025,296.9400000000003,298.3100000000003,12648
2026-03-24T18:00:00+00:00,298.3100000000003,299.1800000000003,297.74000000000024,298.11000000000024,12185
2026-03-24T19:00:00+00:00,298.11000000000024,298.6900000000003,296.1800000000003,296.5000000000003,11633
2026-03-25T13:00:00+00:00,296.5000000000003,301.97000000000025,296.5000000000003,297.58000000000027,12126
2026-03-25T14:00:00+00:00,297.58000000000027,298.2000000000003,296.17000000000024,297.36000000000024,21363
2026-03-25T15:00:00+00:00,297.36000000000024,297.85000000000025,295.3700000000003,296.40000000000026,17423
2026-03-25T16:00:00+00:00,296.40000000000026,297.30000000000024,295.8800000000003,296.5000000000003,13776
2026-03-25T17:00:00+00:00,296.5000000000003,297.36000000000024,295.92000000000024,296.58000000000027,12313
2026-03-25T18:00:00+00:00,296.58000000000027,296.7600000000003,294.67000000000024,295.2500000000003,10462
2026-03-25T19:00:00+00:00,295.2500000000003,297.0100000000003,294.8800000000003,296.8800000000003,11162
2026-03-26T13:00:00+00:00,296.8800000000003,296.8800000000003,290.2600000000003,292.60000000000025,12439
2026-03-26T14:00:00+00:00,292.60000000000025,293.84000000000026,291.92000000000024,292.46000000000026,20694
2026-03-26T15:00:00+00:00,292.46000000000026,292.65000000000026,290.9400000000003,291.21000000000026,14503
2026-03-26T16:00:00+00:00,291.21000000000026,291.49000000000024,289.92000000000024,290.55000000000024,13231
2026-03-26T17:00:00+00:00,290.55000000000024,290.8100000000003,288.6900000000003,288.8100000000003,13015
2026-03-26T18:00:00+00:00,288.8100000000003,289.1800000000003,286.39000000000027,288.52000000000027,13918
2026-03-26T19:00:00+00:00,288.52000000000027,288.74000000000024,287.16000000000025,288.10000000000025,12138
2026-03-27T13:00:00+00:00,288.10000000000025,288.10000000000025,282.22000000000025,283.71000000000026,11558
2026-03-27T14:00:00+00:00,283.71000000000026,286.40000000000026,283.54000000000025,285.89000000000027,20259
2026-03-27T15:00:00+00:00,285.89000000000027,286.15000000000026,284.46000000000026,284.7600000000003,16129
2026-03-27T16:00:00+00:00,284.7600000000003,284.8100000000003,282.99000000000024,283.35000000000025,11600
2026-03-27T17:00:00+00:00,283.35000000000025,283.6200000000003,281.0000000000003,281.44000000000034,11541.803803233888
2026-03-27T18:00:00+00:00,281.44000000000034,282.75000000000034,281.0500000000003,282.0800000000003,10071
2026-03-27T19:00:00+00:00,282.0800000000003,282.68000000000035,280.7900000000003,281.12000000000035,10954
2026-03-30T13:00:00+00:00,281.12000000000035,283.4700000000003,280.3400000000003,280.3900000000003,12694
2026-03-30T14:00:00+00:00,280.3900000000003,281.57000000000033,279.7800000000003,281.26000000000033,23448
2026-03-30T15:00:00+00:00,281.26000000000033,282.5500000000003,279.9900000000003,281.8900000000003,16559
2026-03-30T16:00:00+00:00,281.8900000000003,282.01000000000033,280.7400000000003,280.87000000000035,13570
2026-03-30T17:00:00+00:00,280.87000000000035,281.2700000000003,280.31000000000034,280.6700000000003,14347
2026-03-30T18:00:00+00:00,280.6700000000003,280.87000000000035,279.50000000000034,279.5500000000003,11477
2026-03-30T19:00:00+00:00,279.5500000000003,280.8300000000003,278.8600000000003,280.3300000000003,15631
2026-03-31T13:00:00+00:00,280.3300000000003,287.1000000000003,280.3300000000003,286.9700000000003,12443
2026-03-31T14:00:00+00:00,286.9700000000003,289.12000000000035,286.8600000000003,287.3900000000003,22529
2026-03-31T15:00:00+00:00,287.3900000000003,289.07000000000033,287.3900000000003,287.7300000000003,18046
2026-03-31T16:00:00+00:00,287.7300000000003,291.9000000000003,287.5500000000003,291.3500000000003,20323
2026-03-31T17:00:00+00:00,291.3500000000003,294.3500000000003,291.31000000000034,292.88000000000034,24026
2026-03-31T18:00:00+00:00,292.88000000000034,293.68000000000035,292.8600000000003,293.31000000000034,15796
2026-03-31T19:00:00+00:00,293.31000000000034,294.4000000000003,292.8000000000003,294.3000000000003,15985
2026-04-01T13:00:00+00:00,294.3000000000003,301.7200000000003,294.3000000000003,300.9600000000003,16150
2026-04-01T14:00:00+00:00,300.9600000000003,302.0800000000003,299.94000000000034,301.8500000000003,25581
2026-04-01T15:00:00+00:00,301.8500000000003,302.93000000000035,301.37000000000035,302.75000000000034,15439
2026-04-01T16:00:00+00:00,302.75000000000034,304.8600000000003,302.2800000000003,304.5800000000003,11098
2026-04-01T17:00:00+00:00,304.5800000000003,305.31000000000034,303.75000000000034,303.7700000000003,11516
2026-04-01T18:00:00+00:00,303.7700000000003,303.7900000000003,301.0900000000003,301.7100000000003,17736
2026-04-01T19:00:00+00:00,301.7100000000003,303.0400000000003,301.3500000000003,302.32000000000033,14808
2026-04-02T13:00:00+00:00,302.32000000000033,302.32000000000033,294.87000000000035,299.18000000000035,16798
2026-04-02T14:00:00+00:00,299.18000000000035,303.19000000000034,299.0300000000003,301.4800000000003,32957.84775994124
2026-04-02T15:00:00+00:00,301.4800000000003,301.8300000000003,300.3600000000003,300.8300000000003,22855
2026-04-02T16:00:00+00:00,300.8300000000003,301.8900000000003,300.3400000000003,301.5000000000003,16492
2026-04-02T17:00:00+00:00,301.5000000000003,301.9300000000003,300.6500000000003,301.1600000000003,15017
2026-04-02T18:00:00+00:00,301.1600000000003,301.7200000000003,300.6600000000003,301.0900000000003,13095
2026-04-02T19:00:00+00:00,301.0900000000003,301.8900000000003,300.6400000000003,301.8200000000003,11717
2026-04-06T13:00:00+00:00,301.8200000000003,304.6000000000003,301.1700000000003,303.9000000000003,13630
2026-04-06T14:00:00+00:00,303.9000000000003,304.3500000000003,302.4200000000003,303.1100000000003,25970
2026-04-06T15:00:00+00:00,303.1100000000003,304.0500000000003,302.5300000000003,303.2300000000003,17633
2026-04-06T16:00:00+00:00,303.2300000000003,304.9800000000003,303.1200000000003,304.4800000000003,11522
2026-04-06T17:00:00+00:00,304.4800000000003,304.9600000000003,303.3400000000003,304.1900000000003,15651
2026-04-06T18:00:00+00:00,304.1900000000003,305.8200000000003,303.8500000000003,305.4800000000003,12907
2026-04-06T19:00:00+00:00,305.4800000000003,305.7800000000003,304.4800000000003,304.9600000000003,8072
2026-04-07T13:00:00+00:00,304.9600000000003,308.1700000000003,304.0300000000003,304.0300000000003,12779
2026-04-07T14:00:00+00:00,304.0300000000003,306.6300000000003,302.8300000000003,305.3300000000003,22992
2026-04-07T15:00:00+00:00,305.3300000000003,307.3400000000003,304.4300000000003,307.3200000000003,19466
2026-04-07T16:00:00+00:00,307.3200000000003,308.8200000000003,307.20000000000033,308.0900000000003,17359
2026-04-07T17:00:00+00:00,308.0900000000003,309.7100000000003,307.9700000000003,309.0200000000003,13614
2026-04-07T18:00:00+00:00,309.0200000000003,309.2800000000003,306.95000000000033,307.1800000000003,13136
2026-04-07T19:00:00+00:00,307.1800000000003,311.51000000000033,306.9400000000003,311.3300000000003,22111
2026-04-08T13:00:00+00:00,311.3300000000003,326.6200000000003,311.3300000000003,320.4800000000003,15152
2026-04-08T14:00:00+00:00,320.4800000000003,322.0400000000003,320.1600000000003,320.8200000000003,21067.085918854416
2026-04-08T15:00:00+00:00,320.8200000000003,323.15000000000026,320.65000000000026,323.0300000000003,14474
2026-04-08T16:00:00+00:00,323.0300000000003,324.7400000000003,322.2900000000003,324.1000000000003,11970
2026-04-08T17:00:00+00:00,324.1000000000003,324.2900000000003,322.5300000000003,323.2800000000003,10063
2026-04-08T18:00:00+00:00,323.2800000000003,324.0300000000003,322.0300000000003,322.1200000000003,13638
2026-04-08T19:00:00+00:00,322.1200000000003,322.9300000000003,321.2800000000003,322.3200000000003,12398
2026-04-09T13:00:00+00:00,322.3200000000003,322.3200000000003,317.7200000000003,318.2900000000003,10532
2026-04-09T14:00:00+00:00,318.2900000000003,319.1300000000003,316.8800000000003,319.0000000000003,15247
2026-04-09T15:00:00+00:00,319.0000000000003,322.89000000000027,318.9700000000003,322.77000000000027,14105
2026-04-09T16:00:00+00:00,322.77000000000027,324.2500000000003,322.6000000000003,323.8000000000003,10426
2026-04-09T17:00:00+00:00,323.8000000000003,324.8500000000003,323.5100000000003,324.2900000000003,7518
2026-04-09T18:00:00+00:00,324.2900000000003,324.4200000000003,323.4900000000003,323.7500000000003,9440
2026-04-09T19:00:00+00:00,323.7500000000003,324.4800000000003,323.5600000000003,323.9200000000003,6248
2026-04-10T13:00:00+00:00,323.9200000000003,326.8700000000003,323.9200000000003,324.7200000000003,9729
2026-04-10T14:00:00+00:00,324.7200000000003,325.08000000000027,323.6000000000003,324.45000000000033,14108.031481722388
2026-04-10T15:00:00+00:00,324.45000000000033,325.01000000000033,322.70000000000033,322.8400000000003,13221
2026-04-10T16:00:00+00:00,322.8400000000003,323.45000000000033,322.3900000000003,322.7800000000003,10414
2026-04-10T17:00:00+00:00,322.7800000000003,322.81000000000034,322.1600000000003,322.43000000000035,8290
2026-04-10T18:00:00+00:00,322.43000000000035,322.7800000000003,321.92000000000036,322.4700000000003,6595
2026-04-10T19:00:00+00:00,322.4700000000003,323.4600000000003,322.45000000000033,323.30000000000035,6777
2026-04-13T13:00:00+00:00,323.30000000000035,324.18000000000035,321.07000000000033,324.0800000000003,6410
2026-04-13T14:00:00+00:00,324.0800000000003,325.51000000000033,323.12000000000035,324.12000000000035,10498
2026-04-13T15:00:00+00:00,324.12000000000035,325.0200000000003,323.75000000000034,324.1500000000003,8057
2026-04-13T16:00:00+00:00,324.1500000000003,325.49000000000035,323.42000000000036,325.11000000000035,11854
2026-04-13T17:00:00+00:00,325.11000000000035,325.32000000000033,324.49000000000035,324.6600000000003,6368
2026-04-13T18:00:00+00:00,324.6600000000003,325.70000000000033,324.5400000000003,325.5400000000003,4909
2026-04-13T19:00:00+00:00,325.5400000000003,326.82000000000033,325.4000000000003,326.44000000000034,7847
2026-04-14T13:00:00+00:00,326.44000000000034,332.36000000000035,326.44000000000034,331.43000000000035,9353
2026-04-14T14:00:00+00:00,331.43000000000035,333.94000000000034,331.2200000000003,333.49000000000035,10326
2026-04-14T15:00:00+00:00,333.49000000000035,337.6000000000003,332.9100000000003,336.92000000000036,9288
2026-04-14T16:00:00+00:00,336.92000000000036,337.7100000000003,336.81000000000034,337.55000000000035,7189
2026-04-14T17:00:00+00:00,337.55000000000035,337.93000000000035,337.0400000000003,337.3500000000003,5534
2026-04-14T18:00:00+00:00,337.3500000000003,337.5400000000003,336.32000000000033,336.44000000000034,5558
2026-04-14T19:00:00+00:00,336.44000000000034,338.0300000000003,336.31000000000034,337.80000000000035,7621
2026-04-15T13:00:00+00:00,337.80000000000035,338.87000000000035,336.0300000000003,337.68000000000035,8791
2026-04-15T14:00:00+00:00,337.68000000000035,339.56000000000034,337.45000000000033,338.59000000000043,10378.233952814024
2026-04-15T15:00:00+00:00,338.59000000000043,338.68000000000046,337.46000000000043,337.9700000000005,8282
2026-04-15T16:00:00+00:00,337.9700000000005,339.82000000000045,337.77000000000044,338.94000000000045,8108
2026-04-15T17:00:00+00:00,338.94000000000045,340.4800000000005,338.7200000000005,340.08000000000044,6224
2026-04-15T18:00:00+00:00,340.08000000000044,342.02000000000044,339.80000000000047,341.65000000000043,8114
2026-04-15T19:00:00+00:00,341.65000000000043,342.13000000000045,340.33000000000044,341.7300000000005,9768
2026-04-16T13:00:00+00:00,341.7300000000005,344.6000000000005,340.39000000000044,340.7900000000005,9512
2026-04-16T14:00:00+00:00,340.7900000000005,342.63000000000045,340.38000000000045,341.75000000000045,12872
2026-04-16T15:00:00+00:00,341.75000000000045,342.7800000000004,341.18000000000046,342.17000000000047,9114
2026-04-16T16:00:00+00:00,342.17000000000047,343.19000000000045,341.63000000000045,342.21000000000043,8015
2026-04-16T17:00:00+00:00,342.21000000000043,342.2300000000005,339.63000000000045,339.87000000000046,7377
2026-04-16T18:00:00+00:00,339.87000000000046,340.24000000000046,339.0300000000004,339.75000000000045,8374
2026-04-16T19:00:00+00:00,339.75000000000045,340.7200000000005,339.2300000000005,339.82000000000045,7722
2026-04-17T13:00:00+00:00,339.82000000000045,342.87000000000046,339.82000000000045,341.5400000000005,9077
2026-04-17T14:00:00+00:00,341.5400000000005,342.64000000000044,341.43000000000046,341.7300000000005,11610.144152311877
2026-04-17T15:00:00+00:00,341.7300000000005,343.8900000000005,341.2900000000005,342.6400000000005,10629
2026-04-17T16:00:00+00:00,342.6400000000005,344.6400000000005,342.5300000000005,344.1500000000005,8146
2026-04-17T17:00:00+00:00,344.1500000000005,345.7200000000005,344.0000000000005,345.55000000000047,10212
2026-04-17T18:00:00+00:00,345.55000000000047,347.3200000000005,345.3500000000005,346.8200000000005,8855
2026-04-17T19:00:00+00:00,346.8200000000005,347.3800000000005,346.0800000000005,346.6000000000005,8671
2026-04-20T13:00:00+00:00,346.6000000000005,346.6000000000005,342.80000000000047,345.4800000000005,7271
2026-04-20T14:00:00+00:00,345.4800000000005,345.6500000000005,343.80000000000047,343.9400000000005,12859
2026-04-20T15:00:00+00:00,343.9400000000005,344.3900000000005,342.0100000000005,343.5400000000005,10174
2026-04-20T16:00:00+00:00,343.5400000000005,344.6300000000005,343.4400000000005,344.2100000000005,5991
2026-04-20T17:00:00+00:00,344.2100000000005,344.2400000000005,343.4300000000005,343.6300000000005,5431
2026-04-20T18:00:00+00:00,343.6300000000005,344.1200000000005,343.4000000000005,343.7100000000005,5175
2026-04-20T19:00:00+00:00,343.7100000000005,344.0000000000005,342.3500000000005,342.9800000000005,7007
2026-04-21T13:00:00+00:00,342.9800000000005,344.4900000000005,341.1200000000005,344.1000000000005,6343
2026-04-21T14:00:00+00:00,344.1000000000005,344.5800000000005,342.2300000000005,342.5200000000005,9819
2026-04-21T15:00:00+00:00,342.5200000000005,343.0200000000005,341.6800000000005,341.9300000000005,11393
2026-04-21T16:00:00+00:00,341.9300000000005,342.6000000000005,339.4100000000005,339.4500000000005,7589
2026-04-21T17:00:00+00:00,339.4500000000005,339.9100000000005,338.2000000000005,338.5400000000005,9409
2026-04-21T18:00:00+00:00,338.5400000000005,339.05000000000047,337.8900000000005,338.9000000000005,7201
2026-04-21T19:00:00+00:00,338.9000000000005,339.92000000000047,337.0600000000005,337.9100000000005,8817
2026-04-22T13:00:00+00:00,337.9100000000005,343.0800000000005,337.9100000000005,342.7000000000005,5458
2026-04-22T14:00:00+00:00,342.7000000000005,344.0400000000005,342.2000000000005,343.1100000000005,12534.52641509434
2026-04-22T15:00:00+00:00,343.1100000000005,343.33000000000055,342.3600000000005,342.8200000000005,9655
2026-04-22T16:00:00+00:00,342.8200000000005,343.83000000000055,341.85000000000053,342.21000000000055,9667
2026-04-22T17:00:00+00:00,342.21000000000055,343.40000000000055,342.21000000000055,343.2500000000005,8568
2026-04-22T18:00:00+00:00,343.2500000000005,344.1100000000005,343.15000000000055,343.60000000000053,6696
2026-04-22T19:00:00+00:00,343.60000000000053,345.4400000000005,343.52000000000055,345.1900000000005,6779
2026-04-23T13:00:00+00:00,345.1900000000005,347.3200000000005,344.3800000000005,345.97000000000054,6206
2026-04-23T14:00:00+00:00,345.97000000000054,346.3100000000005,344.52000000000055,346.01000000000056,11212
2026-04-23T15:00:00+00:00,346.01000000000056,347.58000000000055,345.21000000000055,345.6800000000005,8088
2026-04-23T16:00:00+00:00,345.6800000000005,346.5500000000005,345.54000000000053,346.1100000000005,5010
2026-04-23T17:00:00+00:00,346.1100000000005,346.40000000000055,342.47000000000054,345.4400000000005,15578
2026-04-23T18:00:00+00:00,345.4400000000005,347.0700000000005,345.20000000000056,345.54000000000053,7974
2026-04-23T19:00:00+00:00,345.54000000000053,346.08000000000055,344.4300000000005,345.3700000000005,8255
2026-04-24T13:00:00+00:00,345.3700000000005,345.39000000000055,341.4400000000005,344.4900000000005,6363
2026-04-24T14:00:00+00:00,344.4900000000005,345.34000000000054,342.90000000000055,343.3600000000006,12537.247655259824
2026-04-24T15:00:00+00:00,343.3600000000006,349.70000000000056,342.6200000000006,348.90000000000055,11812
2026-04-24T16:00:00+00:00,348.90000000000055,351.06000000000057,348.0400000000006,349.19000000000057,7293
2026-04-24T17:00:00+00:00,349.19000000000057,349.7900000000006,348.01000000000056,348.84000000000054,6174
2026-04-24T18:00:00+00:00,348.84000000000054,349.69000000000057,348.76000000000056,349.2400000000006,5541
2026-04-24T19:00:00+00:00,349.2400000000006,350.3000000000006,349.1600000000006,349.57000000000056,7964
2026-04-27T13:00:00+00:00,349.57000000000056,354.2400000000006,348.1700000000006,353.9300000000006,7457
2026-04-27T14:00:00+00:00,353.9300000000006,356.9100000000006,353.4300000000006,356.3000000000006,11702
2026-04-27T15:00:00+00:00,356.3000000000006,356.81000000000057,355.1800000000006,356.7400000000006,8346
2026-04-27T16:00:00+00:00,356.7400000000006,357.5500000000006,356.2400000000006,356.7300000000006,5961
2026-04-27T17:00:00+00:00,356.7300000000006,358.26000000000056,356.6200000000006,358.19000000000057,5745
2026-04-27T18:00:00+00:00,358.19000000000057,358.2400000000006,357.08000000000055,357.45000000000056,4869
2026-04-27T19:00:00+00:00,357.45000000000056,357.94000000000057,355.6700000000006,356.02000000000055,6372
2026-04-28T13:00:00+00:00,356.02000000000055,356.02000000000055,351.53000000000054,353.90000000000055,7750
2026-04-28T14:00:00+00:00,353.90000000000055,357.26000000000056,353.8700000000006,355.76000000000056,13480
2026-04-28T15:00:00+00:00,355.76000000000056,356.4700000000006,354.0400000000006,354.20000000000056,12073
2026-04-28T16:00:00+00:00,354.20000000000056,354.83000000000055,353.4100000000006,354.53000000000054,7142
2026-04-28T17:00:00+00:00,354.53000000000054,354.63000000000056,353.38000000000056,354.1800000000006,5836
2026-04-28T18:00:00+00:00,354.1800000000006,355.13000000000056,354.1700000000006,354.9300000000006,4497
2026-04-28T19:00:00+00:00,354.9300000000006,355.9800000000006,354.39000000000055,354.8600000000006,6275
2026-04-29T13:00:00+00:00,354.8600000000006,357.1200000000006,349.7300000000006,357.1200000000006,7372
2026-04-29T14:00:00+00:00,357.1200000000006,360.76000000000056,355.9100000000006,357.2100000000005,12584.151771336554
2026-04-29T15:00:00+00:00,357.2100000000005,358.3600000000005,355.7400000000005,356.3100000000005,12627
2026-04-29T16:00:00+00:00,356.3100000000005,356.3600000000005,353.0700000000005,353.4400000000005,9641
2026-04-29T17:00:00+00:00,353.4400000000005,354.97000000000054,352.9500000000005,354.8200000000005,8731
2026-04-29T18:00:00+00:00,354.8200000000005,356.6300000000005,353.79000000000053,356.53000000000054,13443
2026-04-29T19:00:00+00:00,356.53000000000054,356.9500000000005,353.8600000000005,355.5000000000005,12550
2026-04-30T13:00:00+00:00,355.5000000000005,381.5700000000005,355.5000000000005,374.5600000000005,12246
2026-04-30T14:00:00+00:00,374.5600000000005,377.3000000000005,370.5100000000005,376.66000000000054,13919
2026-04-30T15:00:00+00:00,376.66000000000054,382.5600000000005,376.6200000000005,378.7100000000005,12737
2026-04-30T16:00:00+00:00,378.7100000000005,382.4400000000005,377.9400000000005,382.0100000000005,7166
2026-04-30T17:00:00+00:00,382.0100000000005,388.5800000000005,381.9400000000005,388.5800000000005,8830
2026-04-30T18:00:00+00:00,388.5800000000005,389.73000000000053,385.4600000000005,385.9000000000005,8011
2026-04-30T19:00:00+00:00,385.9000000000005,390.0200000000005,385.0500000000005,389.0800000000005,11124
2026-05-01T13:00:00+00:00,389.0800000000005,389.0800000000005,382.5900000000005,388.3600000000005,9474
2026-05-01T14:00:00+00:00,388.3600000000005,390.0800000000005,385.4500000000005,388.53000000000054,16692.91680931188
2026-05-01T15:00:00+00:00,388.53000000000054,390.66000000000054,387.13000000000056,387.76000000000056,10435
2026-05-01T16:00:00+00:00,387.76000000000056,389.4200000000006,387.28000000000054,388.72000000000054,8086
2026-05-01T17:00:00+00:00,388.72000000000054,390.41000000000054,388.6700000000006,389.25000000000057,6321
2026-05-01T18:00:00+00:00,389.25000000000057,389.6100000000006,386.46000000000055,387.72000000000054,7283
2026-05-01T19:00:00+00:00,387.72000000000054,390.88000000000056,387.6100000000006,390.57000000000056,9084
2026-05-04T13:00:00+00:00,390.57000000000056,391.4900000000006,384.88000000000056,386.84000000000054,7161
2026-05-04T14:00:00+00:00,386.84000000000054,388.01000000000056,385.96000000000055,386.6800000000006,10995
2026-05-04T15:00:00+00:00,386.6800000000006,388.2300000000006,384.20000000000056,387.6100000000006,12612
2026-05-04T16:00:00+00:00,387.6100000000006,388.06000000000057,385.66000000000054,387.91000000000054,10346
2026-05-04T17:00:00+00:00,387.91000000000054,389.2300000000006,387.6800000000006,388.96000000000055,7413
2026-05-04T18:00:00+00:00,388.96000000000055,389.07000000000056,387.0500000000006,387.26000000000056,5880
2026-05-04T19:00:00+00:00,387.26000000000056,387.7300000000006,386.46000000000055,387.06000000000057,7512
2026-05-05T13:00:00+00:00,387.06000000000057,396.26000000000056,387.06000000000057,391.63000000000056,7118
2026-05-05T14:00:00+00:00,391.63000000000056,393.09000000000054,390.0500000000006,391.7400000000006,12674
2026-05-05T15:00:00+00:00,391.7400000000006,393.3000000000006,390.9800000000006,390.9800000000006,8309
2026-05-05T16:00:00+00:00,390.9800000000006,392.1200000000006,389.7900000000006,389.89000000000055,7263
2026-05-05T17:00:00+00:00,389.89000000000055,390.10000000000053,387.78000000000054,389.58000000000055,7271
2026-05-05T18:00:00+00:00,389.58000000000055,390.27000000000055,389.09000000000054,389.72000000000054,6596
2026-05-05T19:00:00+00:00,389.72000000000054,391.88000000000056,389.59000000000054,391.76000000000056,7204
2026-05-06T13:00:00+00:00,391.76000000000056,400.7300000000006,391.76000000000056,397.58000000000055,10064
2026-05-06T14:00:00+00:00,397.58000000000055,401.56000000000057,396.64000000000055,401.5300000000006,14224.954968553458
2026-05-06T15:00:00+00:00,401.5300000000006,401.9700000000006,398.9900000000006,401.2900000000006,9255
2026-05-06T16:00:00+00:00,401.2900000000006,403.8600000000006,401.0500000000006,402.3500000000006,8238
2026-05-06T17:00:00+00:00,402.3500000000006,403.6200000000006,401.14000000000055,401.5200000000006,6495
2026-05-06T18:00:00+00:00,401.5200000000006,401.76000000000056,399.56000000000057,401.1000000000006,5196
2026-05-06T19:00:00+00:00,401.1000000000006,403.20000000000056,399.1000000000006,402.76000000000056,9904
2026-05-07T13:00:00+00:00,402.76000000000056,404.57000000000056,400.3400000000006,401.9200000000006,5729
2026-05-07T14:00:00+00:00,401.9200000000006,402.2900000000006,400.20000000000056,401.50000000000057,10504
2026-05-07T15:00:00+00:00,401.50000000000057,401.94000000000057,399.8500000000006,399.95000000000056,9058
2026-05-07T16:00:00+00:00,399.95000000000056,400.1800000000006,397.7900000000006,399.8500000000006,10103
2026-05-07T17:00:00+00:00,399.8500000000006,401.75000000000057,399.2100000000006,401.4900000000006,9936
2026-05-07T18:00:00+00:00,401.4900000000006,402.3500000000006,400.7700000000006,401.6200000000006,8613
2026-05-07T19:00:00+00:00,401.6200000000006,403.0300000000006,399.19000000000057,402.75000000000057,9484
2026-05-08T13:00:00+00:00,402.75000000000057,405.1000000000006,401.1000000000006,403.8600000000006,6370
2026-05-08T14:00:00+00:00,403.8600000000006,405.4800000000006,403.00000000000057,403.9200000000005,10113.84582003829
2026-05-08T15:00:00+00:00,403.9200000000005,403.97000000000054,402.5000000000005,402.98000000000053,8208
2026-05-08T16:00:00+00:00,402.98000000000053,403.6300000000005,401.4900000000005,401.5600000000005,6192
2026-05-08T17:00:00+00:00,401.5600000000005,402.9900000000005,401.2400000000005,402.7500000000005,6269
2026-05-08T18:00:00+00:00,402.7500000000005,403.7500000000005,402.6300000000005,403.2500000000005,5366
2026-05-08T19:00:00+00:00,403.2500000000005,405.7500000000005,402.98000000000053,404.57000000000056,9119
2026-05-11T13:00:00+00:00,404.57000000000056,404.57000000000056,396.21000000000055,400.34000000000054,6885
2026-05-11T14:00:00+00:00,400.34000000000054,400.57000000000056,396.5000000000005,398.1900000000005,10595
2026-05-11T15:00:00+00:00,398.1900000000005,399.1100000000005,397.34000000000054,398.8000000000005,7983
2026-05-11T16:00:00+00:00,398.8000000000005,398.97000000000054,397.66000000000054,397.71000000000055,7077
2026-05-11T17:00:00+00:00,397.71000000000055,398.09000000000054,396.52000000000055,397.07000000000056,6031
2026-05-11T18:00:00+00:00,397.07000000000056,397.4200000000005,394.8800000000005,394.8800000000005,5696
2026-05-11T19:00:00+00:00,394.8800000000005,395.5500000000005,393.7500000000005,394.1900000000005,11056
2026-05-12T13:00:00+00:00,394.1900000000005,394.1900000000005,390.28000000000054,391.47000000000054,8503
2026-05-12T14:00:00+00:00,391.47000000000054,392.35000000000053,389.54000000000053,392.01000000000056,13856
2026-05-12T15:00:00+00:00,392.01000000000056,393.20000000000056,391.23000000000053,391.2400000000005,12011
2026-05-12T16:00:00+00:00,391.2400000000005,392.1100000000005,387.98000000000053,388.02000000000055,8315
2026-05-12T17:00:00+00:00,388.02000000000055,389.3700000000005,387.1700000000005,388.97000000000054,8829
2026-05-12T18:00:00+00:00,388.97000000000054,390.4300000000005,388.59000000000054,389.1100000000005,7057
2026-05-12T19:00:00+00:00,389.1100000000005,391.84000000000054,388.6800000000005,391.5600000000005,9814
2026-05-13T13:00:00+00:00,391.5600000000005,395.22000000000054,388.6900000000005,394.98000000000053,7296
2026-05-13T14:00:00+00:00,394.98000000000053,400.5500000000005,394.95000000000056,400.23000000000053,14948.456111874142
2026-05-13T15:00:00+00:00,400.23000000000053,402.0800000000005,400.1100000000005,401.3100000000005,9152
2026-05-13T16:00:00+00:00,401.3100000000005,404.47000000000054,401.28000000000054,404.4400000000005,7557
2026-05-13T17:00:00+00:00,404.4400000000005,405.8900000000005,404.3700000000005,405.3100000000005,7193
2026-05-13T18:00:00+00:00,405.3100000000005,407.4200000000005,405.16000000000054,405.2000000000005,7275
2026-05-13T19:00:00+00:00,405.2000000000005,407.0600000000005,405.1900000000005,406.8000000000005,8428
2026-05-14T13:00:00+00:00,406.8000000000005,406.8000000000005,400.5600000000005,402.1300000000005,8294
2026-05-14T14:00:00+00:00,402.1300000000005,402.84000000000054,400.2100000000005,401.85000000000053,13374
2026-05-14T15:00:00+00:00,401.85000000000053,405.8200000000005,401.5100000000005,405.7500000000005,8361
2026-05-14T16:00:00+00:00,405.7500000000005,406.3200000000005,402.8600000000005,404.2700000000005,7730
2026-05-14T17:00:00+00:00,404.2700000000005,406.59000000000054,402.85000000000053,405.9000000000005,12358
2026-05-14T18:00:00+00:00,405.9000000000005,405.9300000000005,403.1400000000005,404.04000000000053,6640
2026-05-14T19:00:00+00:00,404.04000000000053,404.9000000000005,403.5100000000005,404.9000000000005,9811
2026-05-15T13:00:00+00:00,404.9000000000005,404.9000000000005,397.1100000000005,401.5600000000005,9556
2026-05-15T14:00:00+00:00,401.5600000000005,403.29000000000053,400.3900000000005,401.9200000000005,15847.245325355274
2026-05-15T15:00:00+00:00,401.9200000000005,402.4400000000005,398.52000000000055,399.90000000000055,12276
2026-05-15T16:00:00+00:00,399.90000000000055,400.98000000000053,399.4200000000005,399.64000000000055,8712
2026-05-15T17:00:00+00:00,399.64000000000055,401.7400000000005,399.48000000000053,400.46000000000055,8407
2026-05-15T18:00:00+00:00,400.46000000000055,401.1300000000005,398.77000000000055,400.1900000000005,8463
2026-05-15T19:00:00+00:00,400.1900000000005,400.90000000000055,399.2500000000005,400.90000000000055,8366
2026-05-18T13:00:00+00:00,400.90000000000055,409.73000000000053,398.03000000000054,409.16000000000054,8077
2026-05-18T14:00:00+00:00,409.16000000000054,411.8200000000005,405.20000000000056,407.73000000000053,14833
2026-05-18T15:00:00+00:00,407.73000000000053,408.28000000000054,404.9300000000005,405.0600000000005,9820
2026-05-18T16:00:00+00:00,405.0600000000005,406.1800000000005,403.54000000000053,405.48000000000053,8553
2026-05-18T17:00:00+00:00,405.48000000000053,406.71000000000055,404.5500000000005,405.1800000000005,6832
2026-05-18T18:00:00+00:00,405.1800000000005,405.1800000000005,400.54000000000053,400.54000000000053,8795
2026-05-18T19:00:00+00:00,400.54000000000053,403.14000000000055,399.52000000000055,400.8100000000005,10676
2026-05-19T13:00:00+00:00,400.8100000000005,400.8100000000005,391.45000000000056,394.6200000000005,8122
2026-05-19T14:00:00+00:00,394.6200000000005,397.26000000000056,391.9300000000005,393.4200000000005,13967
2026-05-19T15:00:00+00:00,393.4200000000005,393.8800000000005,390.8200000000005,391.14000000000055,9758
2026-05-19T16:00:00+00:00,391.14000000000055,394.34000000000054,390.4200000000005,394.09000000000054,8308
2026-05-19T17:00:00+00:00,394.09000000000054,397.6700000000005,393.6700000000005,395.47000000000054,9381
2026-05-19T18:00:00+00:00,395.47000000000054,395.72000000000054,392.4300000000005,392.9400000000005,8371
2026-05-19T19:00:00+00:00,392.9400000000005,394.1700000000005,391.2500000000005,392.52000000000055,10611
2026-05-20T13:00:00+00:00,392.52000000000055,398.0000000000005,389.79000000000053,391.28000000000054,14330
2026-05-20T14:00:00+00:00,391.28000000000054,391.4200000000005,387.4200000000005,389.81000000000057,21152.49970845481
2026-05-20T15:00:00+00:00,389.81000000000057,391.5500000000006,388.5500000000006,390.7200000000006,15406
2026-05-20T16:00:00+00:00,390.7200000000006,391.21000000000055,388.88000000000056,389.45000000000056,12410
2026-05-20T17:00:00+00:00,389.45000000000056,390.0900000000006,388.50000000000057,389.8400000000006,9057
2026-05-20T18:00:00+00:00,389.8400000000006,391.7300000000006,389.4100000000006,391.4300000000006,8280
2026-05-20T19:00:00+00:00,391.4300000000006,392.81000000000057,390.4300000000006,392.3400000000006,9733
2026-05-21T13:00:00+00:00,392.3400000000006,392.3400000000006,386.95000000000056,389.4200000000006,9133
2026-05-21T14:00:00+00:00,389.4200000000006,392.89000000000055,387.00000000000057,392.25000000000057,16374
2026-05-21T15:00:00+00:00,392.25000000000057,394.14000000000055,391.4100000000006,393.1000000000006,10035
2026-05-21T16:00:00+00:00,393.1000000000006,393.81000000000057,391.0500000000006,391.7200000000006,7035
2026-05-21T17:00:00+00:00,391.7200000000006,396.13000000000056,391.65000000000055,395.4700000000006,11341
2026-05-21T18:00:00+00:00,395.4700000000006,395.6100000000006,391.71000000000055,392.2400000000006,10644
2026-05-21T19:00:00+00:00,392.2400000000006,392.88000000000056,389.2400000000006,390.8500000000006,9205
2026-05-22T13:00:00+00:00,390.8500000000006,390.8500000000006,388.1000000000006,389.77000000000055,7301
2026-05-22T14:00:00+00:00,389.77000000000055,391.50000000000057,387.8000000000006,391.3700000000006,10508.280697190427
2026-05-22T15:00:00+00:00,391.3700000000006,392.3500000000006,390.1600000000006,390.57000000000056,6501
2026-05-22T16:00:00+00:00,390.57000000000056,390.7400000000006,389.0300000000006,389.70000000000056,8575
2026-05-22T17:00:00+00:00,389.70000000000056,390.06000000000057,388.50000000000057,388.51000000000056,6144
2026-05-22T18:00:00+00:00,388.51000000000056,388.7900000000006,387.8500000000006,388.3000000000006,4612
2026-05-22T19:00:00+00:00,388.3000000000006,388.6800000000006,385.7400000000006,387.01000000000056,7406
2026-05-26T13:00:00+00:00,387.01000000000056,390.8500000000006,386.6000000000006,390.8500000000006,6951
2026-05-26T14:00:00+00:00,390.8500000000006,391.88000000000056,389.44000000000057,391.70000000000056,11175
2026-05-26T15:00:00+00:00,391.70000000000056,392.8600000000006,389.25000000000057,390.0500000000006,13544
2026-05-26T16:00:00+00:00,390.0500000000006,390.7800000000006,389.4000000000006,390.00000000000057,6832
2026-05-26T17:00:00+00:00,390.00000000000057,390.4800000000006,388.7900000000006,390.1700000000006,5936
2026-05-26T18:00:00+00:00,390.1700000000006,390.76000000000056,389.2800000000006,389.44000000000057,5557
2026-05-26T19:00:00+00:00,389.44000000000057,392.4700000000006,389.4000000000006,392.2100000000006,7330
2026-05-27T13:00:00+00:00,392.2100000000006,394.25000000000057,388.9000000000006,393.8700000000006,8426
2026-05-27T14:00:00+00:00,393.8700000000006,396.3700000000006,393.2900000000006,394.5700000000006,13284.975074183976
2026-05-27T15:00:00+00:00,394.5700000000006,395.6800000000006,394.0300000000006,394.7200000000006,9871
2026-05-27T16:00:00+00:00,394.7200000000006,397.1700000000006,393.5400000000006,395.2700000000006,7590
2026-05-27T17:00:00+00:00,395.2700000000006,395.7700000000006,393.9100000000006,395.4700000000006,6235
2026-05-27T18:00:00+00:00,395.4700000000006,396.2600000000006,393.7200000000006,394.2400000000006,7245
2026-05-27T19:00:00+00:00,394.2400000000006,395.0300000000006,391.8300000000006,392.3900000000006,7926
2026-05-28T13:00:00+00:00,392.3900000000006,392.3900000000006,388.7800000000006,390.8100000000006,6392
2026-05-28T14:00:00+00:00,390.8100000000006,393.8900000000006,389.5400000000006,392.7100000000006,10218
2026-05-28T15:00:00+00:00,392.7100000000006,394.8800000000006,392.5600000000006,393.7100000000006,7398
2026-05-28T16:00:00+00:00,393.7100000000006,394.0200000000006,391.6500000000006,392.4000000000006,4908
2026-05-28T17:00:00+00:00,392.4000000000006,394.5700000000006,392.1400000000006,393.2200000000006,6900
2026-05-28T18:00:00+00:00,393.2200000000006,394.8100000000006,392.7200000000006,393.8600000000006,6172
2026-05-28T19:00:00+00:00,393.8600000000006,395.3300000000006,392.6700000000006,393.6700000000006,6821
2026-05-29T13:00:00+00:00,393.6700000000006,393.6700000000006,384.0500000000006,388.9400000000006,7678
2026-05-29T14:00:00+00:00,388.9400000000006,389.1300000000006,384.7300000000006,386.53000000000054,11847.716515130955
2026-05-29T15:00:00+00:00,386.53000000000054,387.90000000000055,386.14000000000055,386.70000000000056,7402
2026-05-29T16:00:00+00:00,386.70000000000056,387.83000000000055,386.3100000000005,386.7400000000005,6226
2026-05-29T17:00:00+00:00,386.7400000000005,387.40000000000055,385.9200000000005,386.4200000000005,5170
2026-05-29T18:00:00+00:00,386.4200000000005,387.52000000000055,385.5500000000005,385.73000000000053,4714
2026-05-29T19:00:00+00:00,385.73000000000053,386.90000000000055,381.84000000000054,383.9300000000005,9086
2026-06-01T13:00:00+00:00,383.9300000000005,383.9300000000005,377.2500000000005,378.4300000000005,6184
2026-06-01T14:00:00+00:00,378.4300000000005,380.7500000000005,378.14000000000055,380.1700000000005,11348
2026-06-01T15:00:00+00:00,380.1700000000005,381.29000000000053,378.34000000000054,378.95000000000056,9749
2026-06-01T16:00:00+00:00,378.95000000000056,379.71000000000055,378.2500000000005,379.58000000000055,6094
2026-06-01T17:00:00+00:00,379.58000000000055,382.0000000000005,379.09000000000054,379.8000000000005,8515
2026-06-01T18:00:00+00:00,379.8000000000005,381.4900000000005,379.46000000000055,381.34000000000054,6331
2026-06-01T19:00:00+00:00,381.34000000000054,382.10000000000053,379.59000000000054,379.90000000000055,7989
2026-06-02T13:00:00+00:00,379.90000000000055,379.90000000000055,362.54000000000053,367.78000000000054,10441
2026-06-02T14:00:00+00:00,367.78000000000054,377.26000000000056,367.38000000000056,376.58000000000055,14677
2026-06-02T15:00:00+00:00,376.58000000000055,376.79000000000053,370.54000000000053,370.60000000000053,9510
2026-06-02T16:00:00+00:00,370.60000000000053,372.89000000000055,370.21000000000055,371.97000000000054,7028
2026-06-02T17:00:00+00:00,371.97000000000054,372.4200000000005,371.04000000000053,371.04000000000053,6329
2026-06-02T18:00:00+00:00,371.04000000000053,371.2400000000005,368.2500000000005,368.39000000000055,7025
2026-06-02T19:00:00+00:00,368.39000000000055,368.85000000000053,365.35000000000053,365.91000000000054,8462
2026-06-03T13:00:00+00:00,365.91000000000054,370.02000000000055,364.5500000000005,367.6700000000005,11484
2026-06-03T14:00:00+00:00,367.6700000000005,369.57000000000056,364.4300000000005,365.09000000000054,14942.71209596801
2026-06-03T15:00:00+00:00,365.09000000000054,365.3200000000005,362.2600000000005,363.41000000000054,10634
2026-06-03T16:00:00+00:00,363.41000000000054,365.4200000000005,362.3600000000005,365.0700000000005,9602
2026-06-03T17:00:00+00:00,365.0700000000005,366.1900000000005,363.8600000000005,364.3300000000005,8109
2026-06-03T18:00:00+00:00,364.3300000000005,365.3600000000005,363.0600000000005,364.5000000000005,9858
2026-06-03T19:00:00+00:00,364.5000000000005,364.5700000000005,361.91000000000054,363.6100000000005,11075
2026-06-04T13:00:00+00:00,363.6100000000005,371.48000000000053,361.97000000000054,370.1400000000005,8059
2026-06-04T14:00:00+00:00,370.1400000000005,373.2100000000005,368.6300000000005,372.8600000000005,13651
2026-06-04T15:00:00+00:00,372.8600000000005,375.3900000000005,371.66000000000054,374.3700000000005,11332
2026-06-04T16:00:00+00:00,374.3700000000005,376.90000000000055,373.9600000000005,375.9300000000005,9607
2026-06-04T17:00:00+00:00,375.9300000000005,377.29000000000053,375.41000000000054,376.9400000000005,8108
2026-06-04T18:00:00+00:00,376.9400000000005,377.3800000000005,375.29000000000053,376.1700000000005,8393
2026-06-04T19:00:00+00:00,376.1700000000005,377.35000000000053,374.5800000000005,377.1400000000005,10067
2026-06-05T13:00:00+00:00,377.1400000000005,377.1400000000005,369.3100000000005,374.48000000000053,12013
2026-06-05T14:00:00+00:00,374.48000000000053,376.1000000000005,372.5900000000006,374.94000000000057,13806.554313503577
2026-06-05T15:00:00+00:00,374.94000000000057,375.84000000000043,373.23000000000053,375.3500000000005,14106.128036189051
2026-06-05T16:00:00+00:00,375.3500000000005,375.61000000000047,372.84000000000043,374.65000000000043,15884
2026-06-05T17:00:00+00:00,374.65000000000043,375.2300000000005,373.25000000000045,374.08000000000044,18528
2026-06-05T18:00:00+00:00,374.08000000000044,374.6000000000005,371.08000000000044,371.7200000000005,17214
2026-06-05T19:00:00+00:00,371.7200000000005,373.83000000000044,368.9800000000005,373.24000000000046,16428
2026-06-08T13:00:00+00:00,373.24000000000046,373.24000000000046,367.25000000000045,367.5400000000005,7577
2026-06-08T14:00:00+00:00,367.5400000000005,369.15000000000043,365.25000000000045,369.01000000000045,13713
2026-06-08T15:00:00+00:00,369.01000000000045,369.30000000000047,366.07000000000045,366.55000000000047,10576
2026-06-08T16:00:00+00:00,366.55000000000047,367.68000000000046,366.37000000000046,366.7900000000005,9502
2026-06-08T17:00:00+00:00,366.7900000000005,369.77000000000044,365.68000000000046,368.95000000000044,12602
2026-06-08T18:00:00+00:00,368.95000000000044,369.80000000000047,368.15000000000043,368.42000000000047,8952
2026-06-08T19:00:00+00:00,368.42000000000047,369.00000000000045,367.05000000000047,368.6600000000005,10447
2026-06-09T13:00:00+00:00,368.6600000000005,377.05000000000047,368.6600000000005,374.3500000000005,8222
2026-06-09T14:00:00+00:00,374.3500000000005,375.68000000000046,368.37000000000046,369.8500000000005,23124
2026-06-09T15:00:00+00:00,369.8500000000005,370.12000000000046,364.6000000000005,365.1600000000005,22815
2026-06-09T16:00:00+00:00,365.1600000000005,366.49000000000046,362.14000000000044,364.96000000000043,24704
2026-06-09T17:00:00+00:00,364.96000000000043,370.06000000000046,364.75000000000045,368.8500000000005,23508
2026-06-09T18:00:00+00:00,368.8500000000005,371.6000000000005,368.69000000000045,371.11000000000047,19363
2026-06-09T19:00:00+00:00,371.11000000000047,372.0300000000005,367.96000000000043,369.2900000000005,25495
2026-06-10T13:00:00+00:00,369.2900000000005,371.9100000000005,366.44000000000045,371.30000000000047,11119
2026-06-10T14:00:00+00:00,371.30000000000047,373.7300000000005,367.95000000000044,368.5800000000004,20310.225170383113
2026-06-10T15:00:00+00:00,368.5800000000004,369.5200000000004,364.53000000000037,365.9400000000004,18446
2026-06-10T16:00:00+00:00,365.9400000000004,366.3400000000004,362.60000000000036,363.43000000000035,14006
2026-06-10T17:00:00+00:00,363.43000000000035,363.92000000000036,361.24000000000035,362.3900000000004,13674
2026-06-10T18:00:00+00:00,362.3900000000004,362.8800000000004,361.23000000000036,361.80000000000035,14551
2026-06-10T19:00:00+00:00,361.80000000000035,362.7600000000004,360.3100000000004,361.0000000000004,17471
2026-06-11T13:00:00+00:00,361.0000000000004,361.9400000000004,352.23000000000036,353.1300000000004,12271
2026-06-11T14:00:00+00:00,353.1300000000004,356.03000000000037,351.55000000000035,351.91000000000037,23557
2026-06-11T15:00:00+00:00,351.91000000000037,353.3900000000004,351.36000000000035,352.68000000000035,19438
2026-06-11T16:00:00+00:00,352.68000000000035,354.9000000000004,352.3300000000004,352.3400000000004,17266
2026-06-11T17:00:00+00:00,352.3400000000004,358.5100000000004,351.1400000000004,356.97000000000037,13918
2026-06-11T18:00:00+00:00,356.97000000000037,359.6900000000004,355.8300000000004,359.35000000000036,9721
2026-06-11T19:00:00+00:00,359.35000000000036,365.48000000000036,359.3300000000004,364.1200000000004,15807
2026-06-12T13:00:00+00:00,364.1200000000004,370.1300000000004,360.78000000000037,364.10000000000036,12909
2026-06-12T14:00:00+00:00,364.10000000000036,368.8100000000004,363.93000000000035,368.7500000000004,10508.206556221361
2026-06-12T15:00:00+00:00,368.7500000000004,372.18000000000035,366.1500000000004,366.60000000000036,12232
2026-06-12T16:00:00+00:00,366.60000000000036,368.48000000000036,365.80000000000035,367.4000000000004,12572
2026-06-12T17:00:00+00:00,367.4000000000004,369.0600000000004,366.48000000000036,366.98000000000036,8554
2026-06-12T18:00:00+00:00,366.98000000000036,367.48000000000036,366.2100000000004,366.2700000000004,9648
2026-06-12T19:00:00+00:00,366.2700000000004,366.8100000000004,364.28000000000037,365.55000000000035,10617
2026-06-15T13:00:00+00:00,365.55000000000035,377.60000000000036,365.55000000000035,374.5000000000004,13448
2026-06-15T14:00:00+00:00,374.5000000000004,376.91000000000037,372.7500000000004,375.86000000000035,17489
2026-06-15T15:00:00+00:00,375.86000000000035,377.78000000000037,375.2100000000004,377.53000000000037,10976
2026-06-15T16:00:00+00:00,377.53000000000037,378.10000000000036,376.1900000000004,376.78000000000037,8911
2026-06-15T17:00:00+00:00,376.78000000000037,377.5700000000004,376.35000000000036,376.9000000000004,7741
2026-06-15T18:00:00+00:00,376.9000000000004,377.28000000000037,376.2000000000004,376.78000000000037,8194
2026-06-15T19:00:00+00:00,376.78000000000037,376.97000000000037,373.03000000000037,374.74000000000035,11185
2026-06-16T13:00:00+00:00,374.74000000000035,376.61000000000035,372.7700000000004,373.7000000000004,13808
2026-06-16T14:00:00+00:00,373.7000000000004,379.6300000000004,373.6500000000004,379.5600000000004,20460
2026-06-16T15:00:00+00:00,379.5600000000004,380.99000000000035,378.41000000000037,378.42000000000036,14818
2026-06-16T16:00:00+00:00,378.42000000000036,378.55000000000035,375.0700000000004,375.53000000000037,13535
2026-06-16T17:00:00+00:00,375.53000000000037,377.0600000000004,375.1300000000004,376.3300000000004,10879
2026-06-16T18:00:00+00:00,376.3300000000004,379.24000000000035,376.0000000000004,379.0000000000004,9334
2026-06-16T19:00:00+00:00,379.0000000000004,379.2500000000004,377.11000000000035,378.7500000000004,14571
2026-06-17T13:00:00+00:00,378.7500000000004,378.7500000000004,371.2700000000004,371.6900000000004,11388
2026-06-17T14:00:00+00:00,371.6900000000004,373.5100000000004,368.48000000000036,369.58000000000044,21903.062530453142
2026-06-17T15:00:00+00:00,369.58000000000044,370.65000000000043,368.26000000000045,370.36000000000047,12425
2026-06-17T16:00:00+00:00,370.36000000000047,371.4800000000005,369.6000000000005,370.80000000000047,9298
2026-06-17T17:00:00+00:00,370.80000000000047,372.08000000000044,369.30000000000047,371.86000000000047,8592
2026-06-17T18:00:00+00:00,371.86000000000047,372.2800000000005,369.7200000000005,370.02000000000044,18695
2026-06-17T19:00:00+00:00,370.02000000000044,370.64000000000044,367.70000000000044,369.86000000000047,18085
2026-06-18T13:00:00+00:00,369.86000000000047,373.40000000000043,364.1000000000005,365.8500000000005,12724
2026-06-18T14:00:00+00:00,365.8500000000005,369.65000000000043,365.77000000000044,368.92000000000047,19136.360302351626
2026-06-18T15:00:00+00:00,368.92000000000047,373.14000000000044,368.59000000000043,371.7900000000005,17845
2026-06-18T16:00:00+00:00,371.7900000000005,373.15000000000043,370.67000000000047,372.39000000000044,17310
2026-06-18T17:00:00+00:00,372.39000000000044,374.4800000000005,372.18000000000046,373.96000000000043,13120
2026-06-18T18:00:00+00:00,373.96000000000043,374.59000000000043,373.15000000000043,374.25000000000045,12166
2026-06-18T19:00:00+00:00,374.25000000000045,375.9100000000005,372.2200000000004,374.61000000000047,15411
2026-06-22T13:00:00+00:00,374.61000000000047,374.61000000000047,360.15000000000043,361.1600000000005,8543
2026-06-22T14:00:00+00:00,361.1600000000005,361.25000000000045,351.67000000000047,352.21000000000043,15682
2026-06-22T15:00:00+00:00,352.21000000000043,354.07000000000045,348.4800000000005,352.8500000000005,14612
2026-06-22T16:00:00+00:00,352.8500000000005,353.81000000000046,351.67000000000047,353.2300000000005,9117
2026-06-22T17:00:00+00:00,353.2300000000005,354.5400000000005,352.49000000000046,353.92000000000047,8811
2026-06-22T18:00:00+00:00,353.92000000000047,355.4100000000005,353.8500000000005,354.2200000000004,8644
2026-06-22T19:00:00+00:00,354.2200000000004,356.88000000000045,354.20000000000044,356.19000000000045,12937
2026-06-23T13:00:00+00:00,356.19000000000045,356.19000000000045,346.75000000000045,355.2900000000005,7472
2026-06-23T14:00:00+00:00,355.2900000000005,356.2200000000004,353.14000000000044,353.52000000000044,10593
2026-06-23T15:00:00+00:00,353.52000000000044,354.05000000000047,352.15000000000043,353.20000000000044,9806
2026-06-23T16:00:00+00:00,353.20000000000044,355.20000000000044,352.30000000000047,354.8500000000005,9006
2026-06-23T17:00:00+00:00,354.8500000000005,355.09000000000043,353.57000000000045,353.69000000000045,9128
2026-06-23T18:00:00+00:00,353.69000000000045,354.19000000000045,352.88000000000045,353.58000000000044,8485
2026-06-23T19:00:00+00:00,353.58000000000044,355.26000000000045,353.32000000000045,353.70000000000044,11763
2026-06-24T13:00:00+00:00,353.70000000000044,359.34000000000043,353.70000000000044,357.33000000000044,8029
2026-06-24T14:00:00+00:00,357.33000000000044,360.32000000000045,356.18000000000046,360.0700000000004,12924.157780806541
2026-06-24T15:00:00+00:00,360.0700000000004,360.22000000000037,356.3900000000004,356.8200000000004,11894
2026-06-24T16:00:00+00:00,356.8200000000004,357.73000000000036,355.04000000000036,356.12000000000035,11123
2026-06-24T17:00:00+00:00,356.12000000000035,356.5900000000004,355.1500000000004,356.10000000000036,10513
2026-06-24T18:00:00+00:00,356.10000000000036,356.5700000000004,349.4000000000004,350.11000000000035,12191
2026-06-24T19:00:00+00:00,350.11000000000035,352.75000000000034,349.11000000000035,352.62000000000035,11431
2026-06-25T13:00:00+00:00,352.62000000000035,352.62000000000035,343.49000000000035,346.56000000000034,11068
2026-06-25T14:00:00+00:00,346.56000000000034,350.29000000000036,346.10000000000036,348.78000000000037,15028
2026-06-25T15:00:00+00:00,348.78000000000037,349.2100000000004,346.53000000000037,348.4500000000004,12809
2026-06-25T16:00:00+00:00,348.4500000000004,349.49000000000035,347.48000000000036,348.30000000000035,11670
2026-06-25T17:00:00+00:00,348.30000000000035,348.8900000000004,345.62000000000035,347.55000000000035,11434
2026-06-25T18:00:00+00:00,347.55000000000035,348.85000000000036,346.10000000000036,348.1300000000004,8925
2026-06-25T19:00:00+00:00,348.1300000000004,350.7700000000004,347.11000000000035,349.31000000000034,11351
2026-06-26T13:00:00+00:00,349.31000000000034,349.31000000000034,341.7000000000004,343.5800000000004,8286
2026-06-26T14:00:00+00:00,343.5800000000004,346.31000000000034,342.9000000000004,346.1100000000003,10904.761132953543
2026-06-26T15:00:00+00:00,346.1100000000003,351.0300000000003,345.8100000000003,350.3500000000003,9296
2026-06-26T16:00:00+00:00,350.3500000000003,351.5800000000003,346.5400000000003,348.0500000000003,8803
2026-06-26T17:00:00+00:00,348.0500000000003,348.7400000000003,346.8400000000003,347.88000000000034,8565
2026-06-26T18:00:00+00:00,347.88000000000034,349.1600000000003,346.95000000000033,348.70000000000033,8728
2026-06-26T19:00:00+00:00,348.70000000000033,349.70000000000033,341.2200000000003,342.2100000000003,12526
2026-06-29T13:00:00+00:00,342.2100000000003,353.9400000000003,342.2100000000003,353.26000000000033,7891
2026-06-29T14:00:00+00:00,353.26000000000033,357.2200000000003,351.8900000000003,355.8400000000003,13598
2026-06-29T15:00:00+00:00,355.8400000000003,358.4400000000003,355.5400000000003,358.2500000000003,10501
2026-06-29T16:00:00+00:00,358.2500000000003,358.5800000000003,356.1900000000003,357.1100000000003,7607
2026-06-29T17:00:00+00:00,357.1100000000003,359.2200000000003,357.0400000000003,358.9200000000003,5463
2026-06-29T18:00:00+00:00,358.9200000000003,359.1800000000003,357.6600000000003,357.8000000000003,5686
2026-06-29T19:00:00+00:00,357.8000000000003,359.5000000000003,357.1600000000003,358.5500000000003,8001
2026-06-30T13:00:00+00:00,358.5500000000003,359.70000000000033,355.7400000000003,356.9400000000003,5782
2026-06-30T14:00:00+00:00,356.9400000000003,360.3700000000003,355.63000000000034,359.5500000000003,7736
2026-06-30T15:00:00+00:00,359.5500000000003,361.8300000000003,358.82000000000033,361.6900000000003,6716
2026-06-30T16:00:00+00:00,361.6900000000003,362.8900000000003,361.2100000000003,362.0600000000003,4891
2026-06-30T17:00:00+00:00,362.0600000000003,362.2700000000003,359.88000000000034,360.6200000000003,5724
2026-06-30T18:00:00+00:00,360.6200000000003,361.5000000000003,360.0500000000003,360.9200000000003,5681
2026-06-30T19:00:00+00:00,360.9200000000003,362.26000000000033,360.26000000000033,360.6200000000003,7495
2026-07-01T13:00:00+00:00,360.6200000000003,366.3000000000003,360.5800000000003,362.4000000000003,12847
2026-07-01T14:00:00+00:00,362.4000000000003,366.9700000000003,361.7400000000003,365.11000000000024,17582.825419493038
2026-07-01T15:00:00+00:00,365.11000000000024,366.8400000000002,363.4700000000002,363.74000000000024,15402
2026-07-01T16:00:00+00:00,363.74000000000024,364.0000000000002,361.7700000000002,362.6500000000002,9190
2026-07-01T17:00:00+00:00,362.6500000000002,364.4500000000002,362.6400000000002,364.12000000000023,9703
2026-07-01T18:00:00+00:00,364.12000000000023,365.48000000000025,363.6300000000002,364.6500000000002,9226
2026-07-01T19:00:00+00:00,364.6500000000002,365.8300000000002,363.8400000000002,365.37000000000023,11225
2026-07-02T13:00:00+00:00,365.37000000000023,368.3200000000002,362.0700000000002,366.8300000000002,5829
2026-07-02T14:00:00+00:00,366.8300000000002,368.5700000000002,364.3500000000002,365.0200000000002,8762.569366689993
2026-07-02T15:00:00+00:00,365.0200000000002,365.1000000000002,359.70000000000016,360.3400000000002,9792
2026-07-02T16:00:00+00:00,360.3400000000002,360.6700000000002,358.0500000000002,358.08000000000015,8009
2026-07-02T17:00:00+00:00,358.08000000000015,361.6100000000002,357.9600000000002,360.9300000000002,6476
2026-07-02T18:00:00+00:00,360.9300000000002,363.3500000000002,360.8100000000002,362.4100000000002,5827
2026-07-02T19:00:00+00:00,362.4100000000002,364.4800000000002,362.2800000000002,363.4900000000002,9043
2026-07-06T13:00:00+00:00,363.4900000000002,368.0300000000002,361.8700000000002,361.9100000000002,6312
2026-07-06T14:00:00+00:00,361.9100000000002,366.7900000000002,361.8000000000002,366.2300000000002,8835
2026-07-06T15:00:00+00:00,366.2300000000002,368.6800000000002,365.51000000000016,368.4600000000002,7241
2026-07-06T16:00:00+00:00,368.4600000000002,370.1700000000002,368.26000000000016,368.69000000000017,6808
2026-07-06T17:00:00+00:00,368.69000000000017,370.3000000000002,368.6100000000002,369.33000000000015,5313
2026-07-06T18:00:00+00:00,369.33000000000015,371.83000000000015,368.9900000000002,371.7900000000002,6633
2026-07-06T19:00:00+00:00,371.7900000000002,373.33000000000015,371.5500000000002,372.6000000000002,9651
2026-07-07T13:00:00+00:00,372.6000000000002,378.5200000000002,371.9600000000002,376.5600000000002,8570
2026-07-07T14:00:00+00:00,376.5600000000002,377.4600000000002,372.1500000000002,372.4800000000002,11973
2026-07-07T15:00:00+00:00,372.4800000000002,374.4000000000002,372.0400000000002,373.7200000000002,6873
2026-07-07T16:00:00+00:00,373.7200000000002,374.63000000000017,372.6800000000002,373.9700000000002,5351
2026-07-07T17:00:00+00:00,373.9700000000002,374.7900000000002,373.6800000000002,374.5200000000002,4816
2026-07-07T18:00:00+00:00,374.5200000000002,374.94000000000017,372.88000000000017,373.0500000000002,7470
2026-07-07T19:00:00+00:00,373.0500000000002,373.39000000000016,370.0500000000002,371.1500000000002,8192
2026-07-08T13:00:00+00:00,371.1500000000002,372.38000000000017,367.2800000000002,367.3700000000002,8776
2026-07-08T14:00:00+00:00,367.3700000000002,368.0600000000002,365.6700000000002,366.33000000000015,17937.20244541485
2026-07-08T15:00:00+00:00,366.33000000000015,367.0500000000002,364.69000000000017,365.1100000000002,14231
2026-07-08T16:00:00+00:00,365.1100000000002,366.4200000000002,365.02000000000015,365.7300000000002,11395
2026-07-08T17:00:00+00:00,365.7300000000002,365.8700000000002,363.2800000000002,363.32000000000016,7654
2026-07-08T18:00:00+00:00,363.32000000000016,364.1700000000002,362.38000000000017,363.39000000000016,7526
2026-07-08T19:00:00+00:00,363.39000000000016,367.52000000000015,362.57000000000016,366.1800000000002,9822
2026-07-09T13:00:00+00:00,366.1800000000002,366.1800000000002,357.94000000000017,361.4300000000002,7719
2026-07-09T14:00:00+00:00,361.4300000000002,362.1100000000002,356.3500000000002,358.3600000000002,12344
2026-07-09T15:00:00+00:00,358.3600000000002,359.1700000000002,357.50000000000017,358.0400000000002,8717
2026-07-09T16:00:00+00:00,358.0400000000002,360.3500000000002,357.8100000000002,360.1100000000002,7238
2026-07-09T17:00:00+00:00,360.1100000000002,360.8000000000002,359.65000000000015,360.6000000000002,6622
2026-07-09T18:00:00+00:00,360.6000000000002,361.9700000000002,360.58000000000015,361.6800000000002,7009
2026-07-09T19:00:00+00:00,361.6800000000002,364.39000000000016,361.46000000000015,364.13000000000017,7586
2026-07-10T13:00:00+00:00,364.13000000000017,364.13000000000017,359.71000000000015,361.9700000000002,6378
2026-07-10T14:00:00+00:00,361.9700000000002,362.76000000000016,358.65000000000015,358.79000000000013,10361.00437926469
2026-07-10T15:00:00+00:00,358.79000000000013,360.91000000000014,358.4500000000001,360.3200000000001,6861
2026-07-10T16:00:00+00:00,360.3200000000001,361.59000000000015,360.0000000000001,360.8600000000001,5501
2026-07-10T17:00:00+00:00,360.8600000000001,360.8800000000001,359.3000000000001,360.3700000000001,4525
2026-07-10T18:00:00+00:00,360.3700000000001,361.5100000000001,360.16000000000014,361.09000000000015,4558
2026-07-10T19:00:00+00:00,361.09000000000015,363.1900000000001,361.0800000000001,362.7500000000001,6140
2026-07-13T13:00:00+00:00,362.7500000000001,363.3700000000001,359.7500000000001,362.17000000000013,7222
2026-07-13T14:00:00+00:00,362.17000000000013,362.29000000000013,359.3800000000001,360.54000000000013,8487
2026-07-13T15:00:00+00:00,360.54000000000013,361.47000000000014,359.7700000000001,360.5500000000001,6450
2026-07-13T16:00:00+00:00,360.5500000000001,361.91000000000014,360.10000000000014,360.6100000000001,7942
2026-07-13T17:00:00+00:00,360.6100000000001,361.7500000000001,360.2500000000001,360.5000000000001,6916
2026-07-13T18:00:00+00:00,360.5000000000001,361.3300000000001,359.97000000000014,360.0000000000001,6461
2026-07-13T19:00:00+00:00,360.0000000000001,360.5800000000001,357.53000000000014,358.66000000000014,8548
2026-07-14T13:00:00+00:00,358.66000000000014,360.35000000000014,354.9600000000001,359.3100000000001,8127
2026-07-14T14:00:00+00:00,359.3100000000001,362.97000000000014,358.53000000000014,362.41000000000014,13250
2026-07-14T15:00:00+00:00,362.41000000000014,363.8200000000001,361.0500000000001,361.4300000000001,9628
2026-07-14T16:00:00+00:00,361.4300000000001,361.8100000000001,360.0100000000001,361.6200000000001,7252
2026-07-14T17:00:00+00:00,361.6200000000001,364.42000000000013,361.5200000000001,363.0800000000001,6405
2026-07-14T18:00:00+00:00,363.0800000000001,363.7400000000001,362.2500000000001,363.7000000000001,6087
2026-07-14T19:00:00+00:00,363.7000000000001,365.53000000000014,363.6800000000001,365.2100000000001,8715
2026-07-15T13:00:00+00:00,365.2100000000001,370.0800000000001,362.7500000000001,369.5000000000001,7373
2026-07-15T14:00:00+00:00,369.5000000000001,374.9300000000001,369.41000000000014,373.0000000000001,14762.287632641563
2026-07-15T15:00:00+00:00,373.0000000000001,378.5300000000001,372.8500000000001,377.7200000000001,11985
2026-07-15T16:00:00+00:00,377.7200000000001,379.7700000000001,377.1800000000001,378.5200000000001,11973
2026-07-15T17:00:00+00:00,378.5200000000001,378.92000000000013,376.1300000000001,378.5600000000001,8551
2026-07-15T18:00:00+00:00,378.5600000000001,379.79000000000013,376.8000000000001,376.92000000000013,7065
2026-07-15T19:00:00+00:00,376.92000000000013,378.2500000000001,375.79000000000013,377.9700000000001,10425
2026-07-16T13:00:00+00:00,377.9700000000001,381.9500000000001,375.98000000000013,377.5300000000001,8190
2026-07-16T14:00:00+00:00,377.5300000000001,381.7600000000001,376.3900000000001,379.8900000000001,13792
2026-07-16T15:00:00+00:00,379.8900000000001,380.2600000000001,378.2000000000001,378.42000000000013,10651
2026-07-16T16:00:00+00:00,378.42000000000013,379.3500000000001,376.9900000000001,378.8300000000001,11820
2026-07-16T17:00:00+00:00,378.8300000000001,379.2200000000001,377.8900000000001,378.5500000000001,8202
2026-07-16T18:00:00+00:00,378.5500000000001,378.6300000000001,363.6000000000001,363.6300000000001,20648
2026-07-16T19:00:00+00:00,363.6300000000001,364.1800000000001,359.3100000000001,361.5800000000001,20364
2026-07-17T13:00:00+00:00,361.5800000000001,361.5800000000001,348.8300000000001,353.73000000000013,13698
2026-07-17T14:00:00+00:00,353.73000000000013,355.3000000000001,351.73000000000013,352.9600000000001,16142.387495021903
2026-07-17T15:00:00+00:00,352.9600000000001,355.4600000000001,352.2100000000001,354.5700000000001,11395
2026-07-17T16:00:00+00:00,354.5700000000001,354.7100000000001,352.9600000000001,354.3700000000001,12106
2026-07-17T17:00:00+00:00,354.3700000000001,354.9000000000001,350.4700000000001,351.0300000000001,10563
2026-07-17T18:00:00+00:00,351.0300000000001,352.6400000000001,350.0300000000001,352.3900000000001,9204
2026-07-17T19:00:00+00:00,352.3900000000001,354.6000000000001,351.3400000000001,353.7300000000001,11868
2026-07-20T13:00:00+00:00,353.7300000000001,362.4000000000001,352.0200000000001,361.56000000000006,8281
2026-07-20T14:00:00+00:00,361.56000000000006,362.9100000000001,359.2300000000001,359.55000000000007,9674
2026-07-20T15:00:00+00:00,359.55000000000007,361.00000000000006,359.1700000000001,359.75000000000006,7912
2026-07-20T16:00:00+00:00,359.75000000000006,359.8900000000001,357.62000000000006,357.7900000000001,6179
2026-07-20T17:00:00+00:00,357.7900000000001,357.8400000000001,355.30000000000007,356.3500000000001,8192
2026-07-20T18:00:00+00:00,356.3500000000001,356.7700000000001,354.0200000000001,354.80000000000007,7495
2026-07-20T19:00:00+00:00,354.80000000000007,356.37000000000006,354.44000000000005,355.05000000000007,8023
2026-07-21T13:00:00+00:00,355.05000000000007,355.05000000000007,350.4500000000001,352.7200000000001,9570
2026-07-21T14:00:00+00:00,352.7200000000001,352.94000000000005,350.8300000000001,351.74000000000007,12270
2026-07-21T15:00:00+00:00,351.74000000000007,352.9600000000001,350.7200000000001,352.0700000000001,10874
2026-07-21T16:00:00+00:00,352.0700000000001,352.8200000000001,351.6500000000001,352.1300000000001,7721
2026-07-21T17:00:00+00:00,352.1300000000001,352.4200000000001,351.56000000000006,351.99000000000007,5141
2026-07-21T18:00:00+00:00,351.99000000000007,352.0200000000001,351.24000000000007,351.44000000000005,4486
2026-07-21T19:00:00+00:00,351.44000000000005,352.49000000000007,349.5400000000001,349.8500000000001,8752
2026-07-22T13:00:00+00:00,349.8500000000001,351.5900000000001,349.05000000000007,351.2700000000001,9500
2026-07-22T14:00:00+00:00,351.2700000000001,352.8900000000001,350.19000000000005,350.9600000000001,16145
2026-07-22T15:00:00+00:00,350.9600000000001,351.50000000000006,349.74000000000007,350.6000000000001,11153
2026-07-22T16:00:00+00:00,350.6000000000001,351.1600000000001,350.0900000000001,350.5700000000001,6393
2026-07-22T17:00:00+00:00,350.5700000000001,351.0800000000001,349.74000000000007,349.75000000000006,6115
2026-07-22T18:00:00+00:00,349.75000000000006,350.0900000000001,349.06000000000006,349.1600000000001,5807
2026-07-22T19:00:00+00:00,349.1600000000001,349.2200000000001,345.11000000000007,345.81000000000006,13740
2026-07-23T13:00:00+00:00,345.81000000000006,345.81000000000006,321.43000000000006,323.6700000000001,13464
2026-07-23T14:00:00+00:00,323.6700000000001,324.49000000000007,320.13000000000005,320.6000000000001,15142
2026-07-23T15:00:00+00:00,320.6000000000001,323.2700000000001,318.45000000000005,322.80000000000007,13592
2026-07-23T16:00:00+00:00,322.80000000000007,325.0800000000001,321.93000000000006,323.5800000000001,12364
2026-07-23T17:00:00+00:00,323.5800000000001,324.51000000000005,322.87000000000006,323.24000000000007,8862
2026-07-23T18:00:00+00:00,323.24000000000007,324.0400000000001,321.9600000000001,322.2700000000001,8497
2026-07-23T19:00:00+00:00,322.2700000000001,322.86000000000007,321.32000000000005,321.7900000000001,12730
2026-07-24T13:00:00+00:00,321.7900000000001,327.4700000000001,321.05000000000007,325.86000000000007,8498
2026-07-24T14:00:00+00:00,325.86000000000007,326.50000000000006,321.05000000000007,323.44000000000005,12078
2026-07-24T15:00:00+00:00,323.44000000000005,325.2900000000001,322.80000000000007,323.4000000000001,9241
2026-07-24T16:00:00+00:00,323.4000000000001,323.4200000000001,321.70000000000005,322.43000000000006,7439
2026-07-24T17:00:00+00:00,322.43000000000006,323.8400000000001,321.9100000000001,323.0800000000001,7958
2026-07-24T18:00:00+00:00,323.0800000000001,324.19000000000005,322.11000000000007,322.4600000000001,7305
2026-07-24T19:00:00+00:00,322.4600000000001,323.55000000000007,322.2200000000001,322.6500000000001,10598
2026-07-27T13:00:00+00:00,322.6500000000001,332.36000000000007,322.6500000000001,330.75000000000006,9950
2026-07-27T14:00:00+00:00,330.75000000000006,333.57000000000005,328.06000000000006,331.12000000000006,23367
2026-07-27T15:00:00+00:00,331.12000000000006,333.25000000000006,330.62000000000006,331.9100000000001,15313
2026-07-27T16:00:00+00:00,331.9100000000001,332.56000000000006,329.86000000000007,330.07000000000005,11440
2026-07-27T17:00:00+00:00,330.07000000000005,330.7200000000001,329.3400000000001,329.76000000000005,7536.563427053354
2026-07-27T18:00:00+00:00,329.76000000000005,331.0800000000001,328.9000000000001,330.7300000000001,6127.162058712665
2026-07-27T19:00:00+00:00,330.7300000000001,331.1700000000001,329.3400000000001,329.86000000000007,7921
2026-07-28T13:00:00+00:00,329.86000000000007,333.3900000000001,327.80000000000007,328.50000000000006,14596
2026-07-28T14:00:00+00:00,328.50000000000006,332.19000000000005,328.3400000000001,331.7700000000001,22851
2026-07-28T15:00:00+00:00,331.7700000000001,336.5200000000001,331.76000000000005,336.24000000000007,18921
2026-07-28T16:00:00+00:00,336.24000000000007,337.18000000000006,335.61000000000007,337.1600000000001,10379
2026-07-28T17:00:00+00:00,337.1600000000001,338.44000000000005,336.30000000000007,338.37000000000006,10764
2026-07-28T18:00:00+00:00,338.37000000000006,338.49000000000007,336.8900000000001,337.8400000000001,8999
2026-07-28T19:00:00+00:00,337.8400000000001,338.0200000000001,335.43000000000006,336.00000000000006,12654
2026-07-29T13:00:00+00:00,336.00000000000006,338.8400000000001,334.32000000000005,334.9800000000001,8986
2026-07-29T14:00:00+00:00,334.9800000000001,336.75000000000006,333.61000000000007,336.3200000000001,10947.32358038536
2026-07-29T15:00:00+00:00,336.3200000000001,337.7500000000001,334.6400000000001,335.1500000000001,15084
2026-07-29T16:00:00+00:00,335.1500000000001,339.0900000000001,335.1000000000001,338.9600000000001,13659
2026-07-29T17:00:00+00:00,338.9600000000001,340.6000000000001,338.3400000000001,340.3200000000001,15235
2026-07-29T18:00:00+00:00,340.3200000000001,345.2600000000001,340.30000000000007,344.5800000000001,20791
2026-07-29T19:00:00+00:00,344.5800000000001,345.0300000000001,337.7100000000001,339.1200000000001,27747
2026-07-30T13:00:00+00:00,339.1200000000001,339.1200000000001,333.0600000000001,335.0100000000001,13529
2026-07-30T14:00:00+00:00,335.0100000000001,338.0000000000001,334.2200000000001,335.5400000000001,24345
2026-07-30T15:00:00+00:00,335.5400000000001,336.9800000000001,333.99000000000007,335.61000000000007,17387
2026-07-30T16:00:00+00:00,335.61000000000007,338.2000000000001,335.55000000000007,337.5200000000001,13213
2026-07-30T17:00:00+00:00,337.5200000000001,338.1900000000001,335.5100000000001,336.3400000000001,13176
2026-07-30T18:00:00+00:00,336.3400000000001,338.11000000000007,335.36000000000007,337.9300000000001,6039
2026-07-30T19:00:00+00:00,337.9300000000001,338.11000000000007,336.4700000000001,337.1900000000001,11245
2026-07-31T13:00:00+00:00,337.1900000000001,348.8100000000001,337.1900000000001,346.4300000000001,14918
2026-07-31T14:00:00+00:00,346.4300000000001,356.1700000000001,346.3700000000001,355.0700000000001,29184
2026-07-31T15:00:00+00:00,355.0700000000001,356.4000000000001,351.2500000000001,354.7600000000001,23259
2026-07-31T16:00:00+00:00,354.7600000000001,357.7700000000001,354.6300000000001,356.3500000000001,14481
2026-07-31T17:00:00+00:00,356.3500000000001,358.2000000000001,355.9400000000001,357.30000000000007,14176
2026-07-31T18:00:00+00:00,357.30000000000007,359.5900000000001,357.2200000000001,358.6400000000001,12067
2026-07-31T19:00:00+00:00,358.6400000000001,362.1700000000001,358.0000000000001,360.05000000000007,15063
